Dataset,Algorithm,Cutoff,Seed,Time,Sol.Quality,Full Tour
Atlanta.tsp,LS,100.0,47.0,1.2736,2054590.0,Yes
Atlanta.tsp,LS,100.0,48.0,1.2124,2023779.0,Yes
Atlanta.tsp,LS,100.0,49.0,1.2261,2054590.0,Yes
Atlanta.tsp,LS,100.0,50.0,1.2238,2003763.0,Yes
Atlanta.tsp,LS,100.0,51.0,1.2411,2016322.0,Yes
Atlanta.tsp,LS,250.0,42.0,1.3627,2058468.0,Yes
Atlanta.tsp,LS,250.0,43.0,1.1907,2044281.0,Yes
Atlanta.tsp,LS,250.0,44.0,1.2835,2016322.0,Yes
Atlanta.tsp,LS,250.0,45.0,1.3195,2052219.0,Yes
Atlanta.tsp,LS,250.0,46.0,1.5329,2051736.0,Yes
Atlanta.tsp,LS,250.0,47.0,1.331,2054590.0,Yes
Atlanta.tsp,LS,250.0,48.0,1.2903,2023779.0,Yes
Atlanta.tsp,LS,250.0,49.0,1.2338,2054590.0,Yes
Atlanta.tsp,LS,250.0,50.0,1.3099,2003763.0,Yes
Atlanta.tsp,LS,250.0,51.0,1.247,2016322.0,Yes
Atlanta.tsp,LS,500.0,42.0,1.1899,2058468.0,Yes
Atlanta.tsp,LS,500.0,43.0,1.2432,2044281.0,Yes
Atlanta.tsp,LS,500.0,44.0,1.2746,2016322.0,Yes
Atlanta.tsp,LS,500.0,45.0,1.4957,2052219.0,Yes
Atlanta.tsp,LS,500.0,46.0,1.4313,2051736.0,Yes
Atlanta.tsp,LS,500.0,47.0,1.5249,2054590.0,Yes
Atlanta.tsp,LS,500.0,48.0,1.5229,2023779.0,Yes
Atlanta.tsp,LS,500.0,49.0,1.2938,2054590.0,Yes
Atlanta.tsp,LS,500.0,50.0,1.2117,2003763.0,Yes
Atlanta.tsp,LS,500.0,51.0,1.2315,2016322.0,Yes
Berlin.tsp,LS,5.0,42.0,1.2711,10736.0,Yes
Berlin.tsp,LS,5.0,43.0,1.3395,11002.0,Yes
Berlin.tsp,LS,5.0,44.0,1.301,10578.0,Yes
Berlin.tsp,LS,5.0,45.0,1.3253,10003.0,Yes
Berlin.tsp,LS,5.0,46.0,1.3325,10563.0,Yes
Berlin.tsp,LS,5.0,47.0,1.6685,11694.0,Yes
Berlin.tsp,LS,5.0,48.0,1.3264,10176.0,Yes
Berlin.tsp,LS,5.0,49.0,1.3023,10449.0,Yes
Berlin.tsp,LS,5.0,50.0,1.2916,10213.0,Yes
Berlin.tsp,LS,5.0,51.0,1.3847,10114.0,Yes
Berlin.tsp,LS,10.0,42.0,1.3565,10736.0,Yes
Berlin.tsp,LS,10.0,43.0,1.2921,11002.0,Yes
Berlin.tsp,LS,10.0,44.0,1.8326,10578.0,Yes
Berlin.tsp,LS,10.0,45.0,1.6206,10003.0,Yes
Berlin.tsp,LS,10.0,46.0,1.5039,10563.0,Yes
Berlin.tsp,LS,10.0,47.0,1.5375,11694.0,Yes
Berlin.tsp,LS,10.0,48.0,1.6161,10176.0,Yes
Berlin.tsp,LS,10.0,49.0,1.4381,10449.0,Yes
Berlin.tsp,LS,10.0,50.0,1.4188,10213.0,Yes
Berlin.tsp,LS,10.0,51.0,1.4206,10114.0,Yes
Berlin.tsp,LS,15.0,42.0,1.3199,10736.0,Yes
Berlin.tsp,LS,15.0,43.0,1.4019,11002.0,Yes
Berlin.tsp,LS,15.0,44.0,1.352,10578.0,Yes
Berlin.tsp,LS,15.0,45.0,1.3518,10003.0,Yes
Berlin.tsp,LS,15.0,46.0,1.2888,10563.0,Yes
Berlin.tsp,LS,15.0,47.0,1.2806,11694.0,Yes
Berlin.tsp,LS,15.0,48.0,1.4747,10176.0,Yes
Berlin.tsp,LS,15.0,49.0,1.6134,10449.0,Yes
Berlin.tsp,LS,15.0,50.0,1.3153,10213.0,Yes
Berlin.tsp,LS,15.0,51.0,1.2623,10114.0,Yes
Berlin.tsp,LS,20.0,42.0,1.3064,10736.0,Yes
Berlin.tsp,LS,20.0,43.0,1.3046,11002.0,Yes
Berlin.tsp,LS,20.0,44.0,1.4284,10578.0,Yes
Berlin.tsp,LS,20.0,45.0,1.416,10003.0,Yes
Berlin.tsp,LS,20.0,46.0,1.3211,10563.0,Yes
Berlin.tsp,LS,20.0,47.0,1.2666,11694.0,Yes
Berlin.tsp,LS,20.0,48.0,1.311,10176.0,Yes
Berlin.tsp,LS,20.0,49.0,1.3155,10449.0,Yes
Berlin.tsp,LS,20.0,50.0,1.6423,10213.0,Yes
Berlin.tsp,LS,20.0,51.0,1.4069,10114.0,Yes
Berlin.tsp,LS,25.0,42.0,1.2936,10736.0,Yes
Berlin.tsp,LS,25.0,43.0,1.2635,11002.0,Yes
Berlin.tsp,LS,25.0,44.0,1.2794,10578.0,Yes
Berlin.tsp,LS,25.0,45.0,1.29,10003.0,Yes
Berlin.tsp,LS,25.0,46.0,1.2967,10563.0,Yes
Berlin.tsp,LS,25.0,47.0,1.2886,11694.0,Yes
Berlin.tsp,LS,25.0,48.0,1.2644,10176.0,Yes
Berlin.tsp,LS,25.0,49.0,1.3179,10449.0,Yes
Berlin.tsp,LS,25.0,50.0,1.2853,10213.0,Yes
Berlin.tsp,LS,25.0,51.0,1.371,10114.0,Yes
Berlin.tsp,LS,50.0,42.0,1.5381,10736.0,Yes
Berlin.tsp,LS,50.0,43.0,1.4132,11002.0,Yes
Berlin.tsp,LS,50.0,44.0,1.338,10578.0,Yes
Berlin.tsp,LS,50.0,45.0,1.3369,10003.0,Yes
Berlin.tsp,LS,50.0,46.0,1.2835,10563.0,Yes
Berlin.tsp,LS,50.0,47.0,1.2827,11694.0,Yes
Berlin.tsp,LS,50.0,48.0,1.3333,10176.0,Yes
Berlin.tsp,LS,50.0,49.0,1.296,10449.0,Yes
Berlin.tsp,LS,50.0,50.0,1.2971,10213.0,Yes
Berlin.tsp,LS,50.0,51.0,1.2728,10114.0,Yes
Berlin.tsp,LS,75.0,42.0,1.2974,10736.0,Yes
Berlin.tsp,LS,75.0,43.0,1.4733,11002.0,Yes
Berlin.tsp,LS,75.0,44.0,1.563,10578.0,Yes
Berlin.tsp,LS,75.0,45.0,1.2583,10003.0,Yes
Berlin.tsp,LS,75.0,46.0,1.3124,10563.0,Yes
Berlin.tsp,LS,75.0,47.0,1.2997,11694.0,Yes
Berlin.tsp,LS,75.0,48.0,1.2857,10176.0,Yes
Berlin.tsp,LS,75.0,49.0,1.3222,10449.0,Yes
Berlin.tsp,LS,75.0,50.0,1.2678,10213.0,Yes
Berlin.tsp,LS,75.0,51.0,1.3236,10114.0,Yes
Berlin.tsp,LS,100.0,42.0,1.3215,10736.0,Yes
Berlin.tsp,LS,100.0,43.0,1.3041,11002.0,Yes
Berlin.tsp,LS,100.0,44.0,1.2773,10578.0,Yes
Berlin.tsp,LS,100.0,45.0,1.5834,10003.0,Yes
Berlin.tsp,LS,100.0,46.0,1.3924,10563.0,Yes
Berlin.tsp,LS,100.0,47.0,1.3064,11694.0,Yes
Berlin.tsp,LS,100.0,48.0,1.3237,10176.0,Yes
Berlin.tsp,LS,100.0,49.0,1.2811,10449.0,Yes
Berlin.tsp,LS,100.0,50.0,1.2952,10213.0,Yes
Berlin.tsp,LS,100.0,51.0,1.2877,10114.0,Yes
Berlin.tsp,LS,250.0,42.0,1.3215,10736.0,Yes
Berlin.tsp,LS,250.0,43.0,1.3139,11002.0,Yes
Berlin.tsp,LS,250.0,44.0,1.3267,10578.0,Yes
Berlin.tsp,LS,250.0,45.0,1.2679,10003.0,Yes
Berlin.tsp,LS,250.0,46.0,1.391,10563.0,Yes
Berlin.tsp,LS,250.0,47.0,1.7374,11694.0,Yes
Berlin.tsp,LS,250.0,48.0,1.6602,10176.0,Yes
Berlin.tsp,LS,250.0,49.0,1.4421,10449.0,Yes
Berlin.tsp,LS,250.0,50.0,1.4786,10213.0,Yes
Berlin.tsp,LS,250.0,51.0,1.3384,10114.0,Yes
Berlin.tsp,LS,500.0,42.0,1.3044,10736.0,Yes
Berlin.tsp,LS,500.0,43.0,1.2723,11002.0,Yes
Berlin.tsp,LS,500.0,44.0,1.2739,10578.0,Yes
Berlin.tsp,LS,500.0,45.0,1.307,10003.0,Yes
Berlin.tsp,LS,500.0,46.0,1.272,10563.0,Yes
Berlin.tsp,LS,500.0,47.0,1.4587,11694.0,Yes
Berlin.tsp,LS,500.0,48.0,1.749,10176.0,Yes
Berlin.tsp,LS,500.0,49.0,1.4456,10449.0,Yes
Berlin.tsp,LS,500.0,50.0,1.3081,10213.0,Yes
Berlin.tsp,LS,500.0,51.0,1.3064,10114.0,Yes
Boston.tsp,LS,5.0,42.0,1.3898,993982.0,Yes
Boston.tsp,LS,5.0,43.0,1.4023,1034704.0,Yes
Boston.tsp,LS,5.0,44.0,1.6751,936769.0,Yes
Boston.tsp,LS,5.0,45.0,1.3409,946818.0,Yes
Boston.tsp,LS,5.0,46.0,1.2802,949119.0,Yes
Boston.tsp,LS,5.0,47.0,1.2878,994709.0,Yes
Boston.tsp,LS,5.0,48.0,1.2398,935132.0,Yes
Boston.tsp,LS,5.0,49.0,1.2983,991270.0,Yes
Boston.tsp,LS,5.0,50.0,1.2749,953520.0,Yes
Boston.tsp,LS,5.0,51.0,1.3619,991792.0,Yes
Boston.tsp,LS,10.0,42.0,1.3955,993982.0,Yes
Boston.tsp,LS,10.0,43.0,1.4287,1034704.0,Yes
Boston.tsp,LS,10.0,44.0,1.3459,936769.0,Yes
Boston.tsp,LS,10.0,45.0,1.5373,946818.0,Yes
Boston.tsp,LS,10.0,46.0,1.5185,949119.0,Yes
Boston.tsp,LS,10.0,47.0,1.2918,994709.0,Yes
Boston.tsp,LS,10.0,48.0,1.3043,935132.0,Yes
Boston.tsp,LS,10.0,49.0,1.2882,991270.0,Yes
Boston.tsp,LS,10.0,50.0,1.3161,953520.0,Yes
Boston.tsp,LS,10.0,51.0,1.2515,991792.0,Yes
Boston.tsp,LS,15.0,42.0,1.3013,993982.0,Yes
Boston.tsp,LS,15.0,43.0,1.2681,1034704.0,Yes
Boston.tsp,LS,15.0,44.0,1.3268,936769.0,Yes
Boston.tsp,LS,15.0,45.0,1.3251,946818.0,Yes
Boston.tsp,LS,15.0,46.0,1.2962,949119.0,Yes
Boston.tsp,LS,15.0,47.0,1.5981,994709.0,Yes
Boston.tsp,LS,15.0,48.0,1.3986,935132.0,Yes
Boston.tsp,LS,15.0,49.0,1.3081,991270.0,Yes
Boston.tsp,LS,15.0,50.0,1.3267,953520.0,Yes
Boston.tsp,LS,15.0,51.0,1.3229,991792.0,Yes
Boston.tsp,LS,20.0,42.0,1.2872,993982.0,Yes
Boston.tsp,LS,20.0,43.0,1.3095,1034704.0,Yes
Boston.tsp,LS,20.0,44.0,1.2818,936769.0,Yes
Boston.tsp,LS,20.0,45.0,1.2903,946818.0,Yes
Boston.tsp,LS,20.0,46.0,1.2385,949119.0,Yes
Boston.tsp,LS,20.0,47.0,1.2868,994709.0,Yes
Boston.tsp,LS,20.0,48.0,1.42,935132.0,Yes
Boston.tsp,LS,20.0,49.0,1.5626,991270.0,Yes
Boston.tsp,LS,20.0,50.0,1.2781,953520.0,Yes
Boston.tsp,LS,20.0,51.0,1.2491,991792.0,Yes
Boston.tsp,LS,25.0,42.0,1.2694,993982.0,Yes
Boston.tsp,LS,25.0,43.0,1.2508,1034704.0,Yes
Boston.tsp,LS,25.0,44.0,1.3404,936769.0,Yes
Boston.tsp,LS,25.0,45.0,1.268,946818.0,Yes
Boston.tsp,LS,25.0,46.0,1.2747,949119.0,Yes
Boston.tsp,LS,25.0,47.0,1.2477,994709.0,Yes
Boston.tsp,LS,25.0,48.0,1.2813,935132.0,Yes
Boston.tsp,LS,25.0,49.0,1.2726,991270.0,Yes
Boston.tsp,LS,25.0,50.0,1.4076,953520.0,Yes
Boston.tsp,LS,25.0,51.0,1.5098,991792.0,Yes
Boston.tsp,LS,50.0,42.0,1.2415,993982.0,Yes
Boston.tsp,LS,50.0,43.0,1.2952,1034704.0,Yes
Boston.tsp,LS,50.0,44.0,1.2477,936769.0,Yes
Boston.tsp,LS,50.0,45.0,1.2927,946818.0,Yes
Boston.tsp,LS,50.0,46.0,1.2371,949119.0,Yes
Boston.tsp,LS,50.0,47.0,1.2518,994709.0,Yes
Boston.tsp,LS,50.0,48.0,1.2608,935132.0,Yes
Boston.tsp,LS,50.0,49.0,1.2664,991270.0,Yes
Boston.tsp,LS,50.0,50.0,1.2474,953520.0,Yes
Boston.tsp,LS,50.0,51.0,1.2978,991792.0,Yes
Boston.tsp,LS,75.0,42.0,1.4672,993982.0,Yes
Boston.tsp,LS,75.0,43.0,1.451,1034704.0,Yes
Boston.tsp,LS,75.0,44.0,1.2678,936769.0,Yes
Boston.tsp,LS,75.0,45.0,1.227,946818.0,Yes
Boston.tsp,LS,75.0,46.0,1.2535,949119.0,Yes
Boston.tsp,LS,75.0,47.0,1.2574,994709.0,Yes
Boston.tsp,LS,75.0,48.0,1.2499,935132.0,Yes
Boston.tsp,LS,75.0,49.0,1.2516,991270.0,Yes
Boston.tsp,LS,75.0,50.0,1.2518,953520.0,Yes
Boston.tsp,LS,75.0,51.0,1.2779,991792.0,Yes
Boston.tsp,LS,100.0,42.0,1.2625,993982.0,Yes
Boston.tsp,LS,100.0,43.0,1.2599,1034704.0,Yes
Boston.tsp,LS,100.0,44.0,1.4034,936769.0,Yes
Boston.tsp,LS,100.0,45.0,1.5095,946818.0,Yes
Boston.tsp,LS,100.0,46.0,1.2968,949119.0,Yes
Boston.tsp,LS,100.0,47.0,1.2533,994709.0,Yes
Boston.tsp,LS,100.0,48.0,1.2338,935132.0,Yes
Boston.tsp,LS,100.0,49.0,1.2456,991270.0,Yes
Boston.tsp,LS,100.0,50.0,1.2964,953520.0,Yes
Boston.tsp,LS,100.0,51.0,1.2297,991792.0,Yes
Boston.tsp,LS,250.0,42.0,1.2897,993982.0,Yes
Boston.tsp,LS,250.0,43.0,1.2484,1034704.0,Yes
Boston.tsp,LS,250.0,44.0,1.2515,936769.0,Yes
Boston.tsp,LS,250.0,45.0,1.2688,946818.0,Yes
Boston.tsp,LS,250.0,46.0,1.4177,949119.0,Yes
Boston.tsp,LS,250.0,47.0,1.5107,994709.0,Yes
Boston.tsp,LS,250.0,48.0,1.3252,935132.0,Yes
Boston.tsp,LS,250.0,49.0,1.3714,991270.0,Yes
Boston.tsp,LS,250.0,50.0,1.2351,953520.0,Yes
Boston.tsp,LS,250.0,51.0,1.2874,991792.0,Yes
Boston.tsp,LS,500.0,42.0,1.2183,993982.0,Yes
Boston.tsp,LS,500.0,43.0,1.2658,1034704.0,Yes
Boston.tsp,LS,500.0,44.0,1.2556,936769.0,Yes
Boston.tsp,LS,500.0,45.0,1.274,946818.0,Yes
Boston.tsp,LS,500.0,46.0,1.2635,949119.0,Yes
Boston.tsp,LS,500.0,47.0,1.255,994709.0,Yes
Boston.tsp,LS,500.0,48.0,1.4695,935132.0,Yes
Boston.tsp,LS,500.0,49.0,1.4483,991270.0,Yes
Boston.tsp,LS,500.0,50.0,1.2881,953520.0,Yes
Boston.tsp,LS,500.0,51.0,1.2543,991792.0,Yes
Champaign.tsp,LS,5.0,42.0,1.3615,67196.0,Yes
Champaign.tsp,LS,5.0,43.0,1.2815,62176.0,Yes
Champaign.tsp,LS,5.0,44.0,1.3434,69885.0,Yes
Champaign.tsp,LS,5.0,45.0,1.2733,67129.0,Yes
Champaign.tsp,LS,5.0,46.0,1.3435,68691.0,Yes
Champaign.tsp,LS,5.0,47.0,1.3095,67646.0,Yes
Champaign.tsp,LS,5.0,48.0,1.6094,61499.0,Yes
Champaign.tsp,LS,5.0,49.0,1.4289,64941.0,Yes
Champaign.tsp,LS,5.0,50.0,1.3463,72069.0,Yes
Champaign.tsp,LS,5.0,51.0,1.2862,75596.0,Yes
Champaign.tsp,LS,10.0,42.0,1.2982,67196.0,Yes
Champaign.tsp,LS,10.0,43.0,1.3383,62176.0,Yes
Champaign.tsp,LS,10.0,44.0,1.2898,69885.0,Yes
Champaign.tsp,LS,10.0,45.0,1.3495,67129.0,Yes
Champaign.tsp,LS,10.0,46.0,1.2963,68691.0,Yes
Champaign.tsp,LS,10.0,47.0,1.3387,67646.0,Yes
Champaign.tsp,LS,10.0,48.0,1.2767,61499.0,Yes
Champaign.tsp,LS,10.0,49.0,1.7748,64941.0,Yes
Champaign.tsp,LS,10.0,50.0,1.6947,72069.0,Yes
Champaign.tsp,LS,10.0,51.0,1.5365,75596.0,Yes
Champaign.tsp,LS,15.0,42.0,1.4123,67196.0,Yes
Champaign.tsp,LS,15.0,43.0,1.4586,62176.0,Yes
Champaign.tsp,LS,15.0,44.0,1.4373,69885.0,Yes
Champaign.tsp,LS,15.0,45.0,1.3915,67129.0,Yes
Champaign.tsp,LS,15.0,46.0,1.3297,68691.0,Yes
Champaign.tsp,LS,15.0,47.0,1.3132,67646.0,Yes
Champaign.tsp,LS,15.0,48.0,1.3071,61499.0,Yes
Champaign.tsp,LS,15.0,49.0,1.3203,64941.0,Yes
Champaign.tsp,LS,15.0,50.0,1.4837,72069.0,Yes
Champaign.tsp,LS,15.0,51.0,1.5599,75596.0,Yes
Champaign.tsp,LS,20.0,42.0,1.3055,67196.0,Yes
Champaign.tsp,LS,20.0,43.0,1.341,62176.0,Yes
Champaign.tsp,LS,20.0,44.0,1.3122,69885.0,Yes
Champaign.tsp,LS,20.0,45.0,1.3542,67129.0,Yes
Champaign.tsp,LS,20.0,46.0,1.4365,68691.0,Yes
Champaign.tsp,LS,20.0,47.0,1.3261,67646.0,Yes
Champaign.tsp,LS,20.0,48.0,1.336,61499.0,Yes
Champaign.tsp,LS,20.0,49.0,1.3117,64941.0,Yes
Champaign.tsp,LS,20.0,50.0,1.4333,72069.0,Yes
Champaign.tsp,LS,20.0,51.0,1.4279,75596.0,Yes
Champaign.tsp,LS,25.0,42.0,1.6156,67196.0,Yes
Champaign.tsp,LS,25.0,43.0,1.3012,62176.0,Yes
Champaign.tsp,LS,25.0,44.0,1.2989,69885.0,Yes
Champaign.tsp,LS,25.0,45.0,1.2719,67129.0,Yes
Champaign.tsp,LS,25.0,46.0,1.3192,68691.0,Yes
Champaign.tsp,LS,25.0,47.0,1.2883,67646.0,Yes
Champaign.tsp,LS,25.0,48.0,1.3065,61499.0,Yes
Champaign.tsp,LS,25.0,49.0,1.3062,64941.0,Yes
Champaign.tsp,LS,25.0,50.0,1.2826,72069.0,Yes
Champaign.tsp,LS,25.0,51.0,1.2922,75596.0,Yes
Champaign.tsp,LS,50.0,42.0,1.2987,67196.0,Yes
Champaign.tsp,LS,50.0,43.0,1.5895,62176.0,Yes
Champaign.tsp,LS,50.0,44.0,1.5359,69885.0,Yes
Champaign.tsp,LS,50.0,45.0,1.2994,67129.0,Yes
Champaign.tsp,LS,50.0,46.0,1.3063,68691.0,Yes
Champaign.tsp,LS,50.0,47.0,1.3356,67646.0,Yes
Champaign.tsp,LS,50.0,48.0,1.2843,61499.0,Yes
Champaign.tsp,LS,50.0,49.0,1.3312,64941.0,Yes
Champaign.tsp,LS,50.0,50.0,1.331,72069.0,Yes
Champaign.tsp,LS,50.0,51.0,1.3491,75596.0,Yes
Champaign.tsp,LS,75.0,42.0,1.2892,67196.0,Yes
Champaign.tsp,LS,75.0,43.0,1.3346,62176.0,Yes
Champaign.tsp,LS,75.0,44.0,1.4736,69885.0,Yes
Champaign.tsp,LS,75.0,45.0,1.5859,67129.0,Yes
Champaign.tsp,LS,75.0,46.0,1.3563,68691.0,Yes
Champaign.tsp,LS,75.0,47.0,1.3396,67646.0,Yes
Champaign.tsp,LS,75.0,48.0,1.2799,61499.0,Yes
Champaign.tsp,LS,75.0,49.0,1.3115,64941.0,Yes
Champaign.tsp,LS,75.0,50.0,1.3411,72069.0,Yes
Champaign.tsp,LS,75.0,51.0,1.2842,75596.0,Yes
Champaign.tsp,LS,100.0,42.0,1.3086,67196.0,Yes
Champaign.tsp,LS,100.0,43.0,1.3211,62176.0,Yes
Champaign.tsp,LS,100.0,44.0,1.325,69885.0,Yes
Champaign.tsp,LS,100.0,45.0,1.3414,67129.0,Yes
Champaign.tsp,LS,100.0,46.0,1.6475,68691.0,Yes
Champaign.tsp,LS,100.0,47.0,1.377,67646.0,Yes
Champaign.tsp,LS,100.0,48.0,1.372,61499.0,Yes
Champaign.tsp,LS,100.0,49.0,1.3495,64941.0,Yes
Champaign.tsp,LS,100.0,50.0,1.3044,72069.0,Yes
Champaign.tsp,LS,100.0,51.0,1.3452,75596.0,Yes
Champaign.tsp,LS,250.0,42.0,1.3234,67196.0,Yes
Champaign.tsp,LS,250.0,43.0,1.3011,62176.0,Yes
Champaign.tsp,LS,250.0,44.0,1.2777,69885.0,Yes
Champaign.tsp,LS,250.0,45.0,1.3334,67129.0,Yes
Champaign.tsp,LS,250.0,46.0,1.3151,68691.0,Yes
Champaign.tsp,LS,250.0,47.0,1.5405,67646.0,Yes
Champaign.tsp,LS,250.0,48.0,1.5025,61499.0,Yes
Champaign.tsp,LS,250.0,49.0,1.3311,64941.0,Yes
Champaign.tsp,LS,250.0,50.0,1.3475,72069.0,Yes
Champaign.tsp,LS,250.0,51.0,1.3494,75596.0,Yes
Champaign.tsp,LS,500.0,42.0,1.2845,67196.0,Yes
Champaign.tsp,LS,500.0,43.0,1.348,62176.0,Yes
Champaign.tsp,LS,500.0,44.0,1.3139,69885.0,Yes
Champaign.tsp,LS,500.0,45.0,1.3184,67129.0,Yes
Champaign.tsp,LS,500.0,46.0,1.293,68691.0,Yes
Champaign.tsp,LS,500.0,47.0,1.2871,67646.0,Yes
Champaign.tsp,LS,500.0,48.0,1.3638,61499.0,Yes
Champaign.tsp,LS,500.0,49.0,1.6651,64941.0,Yes
Champaign.tsp,LS,500.0,50.0,1.3699,72069.0,Yes
Champaign.tsp,LS,500.0,51.0,1.3187,75596.0,Yes
Cincinnati.tsp,LS,5.0,42.0,1.1488,277952.0,Yes
Cincinnati.tsp,LS,5.0,43.0,1.356,277952.0,Yes
Cincinnati.tsp,LS,5.0,44.0,1.205,277952.0,Yes
Cincinnati.tsp,LS,5.0,45.0,1.1759,280243.0,Yes
Cincinnati.tsp,LS,5.0,46.0,1.1653,277952.0,Yes
Cincinnati.tsp,LS,5.0,47.0,1.1358,277952.0,Yes
Cincinnati.tsp,LS,5.0,48.0,1.1752,277952.0,Yes
Cincinnati.tsp,LS,5.0,49.0,1.1582,277952.0,Yes
Cincinnati.tsp,LS,5.0,50.0,1.1674,277952.0,Yes
Cincinnati.tsp,LS,5.0,51.0,1.1274,277952.0,Yes
Cincinnati.tsp,LS,10.0,42.0,1.1426,277952.0,Yes
Cincinnati.tsp,LS,10.0,43.0,1.1738,277952.0,Yes
Cincinnati.tsp,LS,10.0,44.0,1.1376,277952.0,Yes
Cincinnati.tsp,LS,10.0,45.0,1.1482,280243.0,Yes
Cincinnati.tsp,LS,10.0,46.0,1.2225,277952.0,Yes
Cincinnati.tsp,LS,10.0,47.0,1.302,277952.0,Yes
Cincinnati.tsp,LS,10.0,48.0,1.1588,277952.0,Yes
Cincinnati.tsp,LS,10.0,49.0,1.1249,277952.0,Yes
Cincinnati.tsp,LS,10.0,50.0,1.1789,277952.0,Yes
Cincinnati.tsp,LS,10.0,51.0,1.1539,277952.0,Yes
Cincinnati.tsp,LS,15.0,42.0,1.1287,277952.0,Yes
Cincinnati.tsp,LS,15.0,43.0,1.1761,277952.0,Yes
Cincinnati.tsp,LS,15.0,44.0,1.137,277952.0,Yes
Cincinnati.tsp,LS,15.0,45.0,1.1796,280243.0,Yes
Cincinnati.tsp,LS,15.0,46.0,1.1142,277952.0,Yes
Cincinnati.tsp,LS,15.0,47.0,1.1318,277952.0,Yes
Cincinnati.tsp,LS,15.0,48.0,1.1792,277952.0,Yes
Cincinnati.tsp,LS,15.0,49.0,1.1955,277952.0,Yes
Cincinnati.tsp,LS,15.0,50.0,1.3158,277952.0,Yes
Cincinnati.tsp,LS,15.0,51.0,1.1682,277952.0,Yes
Cincinnati.tsp,LS,20.0,42.0,1.1405,277952.0,Yes
Cincinnati.tsp,LS,20.0,43.0,1.1304,277952.0,Yes
Cincinnati.tsp,LS,20.0,44.0,1.1609,277952.0,Yes
Cincinnati.tsp,LS,20.0,45.0,1.1683,280243.0,Yes
Cincinnati.tsp,LS,20.0,46.0,1.1339,277952.0,Yes
Cincinnati.tsp,LS,20.0,47.0,1.1575,277952.0,Yes
Cincinnati.tsp,LS,20.0,48.0,1.138,277952.0,Yes
Cincinnati.tsp,LS,20.0,49.0,1.1438,277952.0,Yes
Cincinnati.tsp,LS,20.0,50.0,1.1481,277952.0,Yes
Cincinnati.tsp,LS,20.0,51.0,1.1307,277952.0,Yes
Cincinnati.tsp,LS,25.0,42.0,1.1636,277952.0,Yes
Cincinnati.tsp,LS,25.0,43.0,1.284,277952.0,Yes
Cincinnati.tsp,LS,25.0,44.0,1.2158,277952.0,Yes
Cincinnati.tsp,LS,25.0,45.0,1.1777,280243.0,Yes
Cincinnati.tsp,LS,25.0,46.0,1.1557,277952.0,Yes
Cincinnati.tsp,LS,25.0,47.0,1.1599,277952.0,Yes
Cincinnati.tsp,LS,25.0,48.0,1.1671,277952.0,Yes
Cincinnati.tsp,LS,25.0,49.0,1.1325,277952.0,Yes
Cincinnati.tsp,LS,25.0,50.0,1.144,277952.0,Yes
Cincinnati.tsp,LS,25.0,51.0,1.1307,277952.0,Yes
Cincinnati.tsp,LS,50.0,42.0,1.1975,277952.0,Yes
Cincinnati.tsp,LS,50.0,43.0,1.1793,277952.0,Yes
Cincinnati.tsp,LS,50.0,44.0,1.1611,277952.0,Yes
Cincinnati.tsp,LS,50.0,45.0,1.1695,280243.0,Yes
Cincinnati.tsp,LS,50.0,46.0,1.2781,277952.0,Yes
Cincinnati.tsp,LS,50.0,47.0,1.2752,277952.0,Yes
Cincinnati.tsp,LS,50.0,48.0,1.1608,277952.0,Yes
Cincinnati.tsp,LS,50.0,49.0,1.1369,277952.0,Yes
Cincinnati.tsp,LS,50.0,50.0,1.1522,277952.0,Yes
Cincinnati.tsp,LS,50.0,51.0,1.1309,277952.0,Yes
Cincinnati.tsp,LS,75.0,42.0,1.2001,277952.0,Yes
Cincinnati.tsp,LS,75.0,43.0,1.1786,277952.0,Yes
Cincinnati.tsp,LS,75.0,44.0,1.1277,277952.0,Yes
Cincinnati.tsp,LS,75.0,45.0,1.1946,280243.0,Yes
Cincinnati.tsp,LS,75.0,46.0,1.136,277952.0,Yes
Cincinnati.tsp,LS,75.0,47.0,1.1398,277952.0,Yes
Cincinnati.tsp,LS,75.0,48.0,1.1669,277952.0,Yes
Cincinnati.tsp,LS,75.0,49.0,1.2763,277952.0,Yes
Cincinnati.tsp,LS,75.0,50.0,1.4506,277952.0,Yes
Cincinnati.tsp,LS,75.0,51.0,1.138,277952.0,Yes
Cincinnati.tsp,LS,100.0,42.0,1.1779,277952.0,Yes
Cincinnati.tsp,LS,100.0,43.0,1.2433,277952.0,Yes
Cincinnati.tsp,LS,100.0,44.0,1.5536,277952.0,Yes
Cincinnati.tsp,LS,100.0,45.0,1.1487,280243.0,Yes
Cincinnati.tsp,LS,100.0,46.0,1.1963,277952.0,Yes
Cincinnati.tsp,LS,100.0,47.0,1.231,277952.0,Yes
Cincinnati.tsp,LS,100.0,48.0,1.1614,277952.0,Yes
Cincinnati.tsp,LS,100.0,49.0,1.1871,277952.0,Yes
Cincinnati.tsp,LS,100.0,50.0,1.1416,277952.0,Yes
Cincinnati.tsp,LS,100.0,51.0,1.2078,277952.0,Yes
Cincinnati.tsp,LS,250.0,42.0,1.4751,277952.0,Yes
Cincinnati.tsp,LS,250.0,43.0,1.2972,277952.0,Yes
Cincinnati.tsp,LS,250.0,44.0,1.2043,277952.0,Yes
Cincinnati.tsp,LS,250.0,45.0,1.199,280243.0,Yes
Cincinnati.tsp,LS,250.0,46.0,1.1884,277952.0,Yes
Cincinnati.tsp,LS,250.0,47.0,1.1456,277952.0,Yes
Cincinnati.tsp,LS,250.0,48.0,1.1644,277952.0,Yes
Cincinnati.tsp,LS,250.0,49.0,1.2046,277952.0,Yes
Cincinnati.tsp,LS,250.0,50.0,1.1637,277952.0,Yes
Cincinnati.tsp,LS,250.0,51.0,1.1888,277952.0,Yes
Cincinnati.tsp,LS,500.0,42.0,1.1744,277952.0,Yes
Cincinnati.tsp,LS,500.0,43.0,1.1552,277952.0,Yes
Cincinnati.tsp,LS,500.0,44.0,1.2425,277952.0,Yes
Cincinnati.tsp,LS,500.0,45.0,1.4977,280243.0,Yes
Cincinnati.tsp,LS,500.0,46.0,1.2792,277952.0,Yes
Cincinnati.tsp,LS,500.0,47.0,1.2899,277952.0,Yes
Cincinnati.tsp,LS,500.0,48.0,1.4031,277952.0,Yes
Cincinnati.tsp,LS,500.0,49.0,1.2714,277952.0,Yes
Cincinnati.tsp,LS,500.0,50.0,1.435,277952.0,Yes
Cincinnati.tsp,LS,500.0,51.0,1.2994,277952.0,Yes
Denver.tsp,LS,5.0,42.0,1.3779,179839.0,Yes
Denver.tsp,LS,5.0,43.0,1.8173,187074.0,Yes
Denver.tsp,LS,5.0,44.0,1.6919,181405.0,Yes
Denver.tsp,LS,5.0,45.0,1.4017,182910.0,Yes
Denver.tsp,LS,5.0,46.0,1.3748,183540.0,Yes
Denver.tsp,LS,5.0,47.0,1.3852,169865.0,Yes
Denver.tsp,LS,5.0,48.0,1.3651,159808.0,Yes
Denver.tsp,LS,5.0,49.0,1.3743,164753.0,Yes
Denver.tsp,LS,5.0,50.0,1.3453,177029.0,Yes
Denver.tsp,LS,5.0,51.0,1.3904,171400.0,Yes
Denver.tsp,LS,10.0,42.0,1.3336,179839.0,Yes
Denver.tsp,LS,10.0,43.0,1.3886,187074.0,Yes
Denver.tsp,LS,10.0,44.0,1.5507,181405.0,Yes
Denver.tsp,LS,10.0,45.0,1.7248,182910.0,Yes
Denver.tsp,LS,10.0,46.0,1.4751,183540.0,Yes
Denver.tsp,LS,10.0,47.0,1.4498,169865.0,Yes
Denver.tsp,LS,10.0,48.0,1.394,159808.0,Yes
Denver.tsp,LS,10.0,49.0,1.4921,164753.0,Yes
Denver.tsp,LS,10.0,50.0,1.3724,177029.0,Yes
Denver.tsp,LS,10.0,51.0,1.4228,171400.0,Yes
Denver.tsp,LS,15.0,42.0,1.366,179839.0,Yes
Denver.tsp,LS,15.0,43.0,1.4326,187074.0,Yes
Denver.tsp,LS,15.0,44.0,1.4427,181405.0,Yes
Denver.tsp,LS,15.0,45.0,1.6767,182910.0,Yes
Denver.tsp,LS,15.0,46.0,1.45,183540.0,Yes
Denver.tsp,LS,15.0,47.0,1.3912,169865.0,Yes
Denver.tsp,LS,15.0,48.0,1.3886,159808.0,Yes
Denver.tsp,LS,15.0,49.0,1.4454,164753.0,Yes
Denver.tsp,LS,15.0,50.0,1.3424,177029.0,Yes
Denver.tsp,LS,15.0,51.0,1.4162,171400.0,Yes
Denver.tsp,LS,20.0,42.0,1.3512,179839.0,Yes
Denver.tsp,LS,20.0,43.0,1.4343,187074.0,Yes
Denver.tsp,LS,20.0,44.0,1.4335,181405.0,Yes
Denver.tsp,LS,20.0,45.0,1.4686,182910.0,Yes
Denver.tsp,LS,20.0,46.0,1.683,183540.0,Yes
Denver.tsp,LS,20.0,47.0,1.4201,169865.0,Yes
Denver.tsp,LS,20.0,48.0,1.411,159808.0,Yes
Denver.tsp,LS,20.0,49.0,1.403,164753.0,Yes
Denver.tsp,LS,20.0,50.0,1.3644,177029.0,Yes
Denver.tsp,LS,20.0,51.0,1.3838,171400.0,Yes
Denver.tsp,LS,25.0,42.0,1.3864,179839.0,Yes
Denver.tsp,LS,25.0,43.0,1.4347,187074.0,Yes
Denver.tsp,LS,25.0,44.0,1.4463,181405.0,Yes
Denver.tsp,LS,25.0,45.0,1.5299,182910.0,Yes
Denver.tsp,LS,25.0,46.0,1.6521,183540.0,Yes
Denver.tsp,LS,25.0,47.0,1.6319,169865.0,Yes
Denver.tsp,LS,25.0,48.0,1.3579,159808.0,Yes
Denver.tsp,LS,25.0,49.0,1.4142,164753.0,Yes
Denver.tsp,LS,25.0,50.0,1.37,177029.0,Yes
Denver.tsp,LS,25.0,51.0,1.4096,171400.0,Yes
Denver.tsp,LS,50.0,42.0,1.4352,179839.0,Yes
Denver.tsp,LS,50.0,43.0,1.3645,187074.0,Yes
Denver.tsp,LS,50.0,44.0,1.3515,181405.0,Yes
Denver.tsp,LS,50.0,45.0,1.3518,182910.0,Yes
Denver.tsp,LS,50.0,46.0,1.3886,183540.0,Yes
Denver.tsp,LS,50.0,47.0,1.5737,169865.0,Yes
Denver.tsp,LS,50.0,48.0,1.5951,159808.0,Yes
Denver.tsp,LS,50.0,49.0,1.3637,164753.0,Yes
Denver.tsp,LS,50.0,50.0,1.3825,177029.0,Yes
Denver.tsp,LS,50.0,51.0,1.3654,171400.0,Yes
Denver.tsp,LS,75.0,42.0,1.3627,179839.0,Yes
Denver.tsp,LS,75.0,43.0,1.354,187074.0,Yes
Denver.tsp,LS,75.0,44.0,1.4224,181405.0,Yes
Denver.tsp,LS,75.0,45.0,1.3934,182910.0,Yes
Denver.tsp,LS,75.0,46.0,1.3839,183540.0,Yes
Denver.tsp,LS,75.0,47.0,1.3866,169865.0,Yes
Denver.tsp,LS,75.0,48.0,1.5688,159808.0,Yes
Denver.tsp,LS,75.0,49.0,1.6086,164753.0,Yes
Denver.tsp,LS,75.0,50.0,1.4519,177029.0,Yes
Denver.tsp,LS,75.0,51.0,1.4608,171400.0,Yes
Denver.tsp,LS,100.0,42.0,1.4329,179839.0,Yes
Denver.tsp,LS,100.0,43.0,1.3939,187074.0,Yes
Denver.tsp,LS,100.0,44.0,1.6588,181405.0,Yes
Denver.tsp,LS,100.0,45.0,1.9744,182910.0,Yes
Denver.tsp,LS,100.0,46.0,1.541,183540.0,Yes
Denver.tsp,LS,100.0,47.0,1.6755,169865.0,Yes
Denver.tsp,LS,100.0,48.0,1.7042,159808.0,Yes
Denver.tsp,LS,100.0,49.0,1.6227,164753.0,Yes
Denver.tsp,LS,100.0,50.0,1.4168,177029.0,Yes
Denver.tsp,LS,100.0,51.0,1.4285,171400.0,Yes
Denver.tsp,LS,250.0,42.0,1.3659,179839.0,Yes
Denver.tsp,LS,250.0,43.0,1.5444,187074.0,Yes
Denver.tsp,LS,250.0,44.0,1.406,181405.0,Yes
Denver.tsp,LS,250.0,45.0,1.4078,182910.0,Yes
Denver.tsp,LS,250.0,46.0,1.4235,183540.0,Yes
Denver.tsp,LS,250.0,47.0,1.536,169865.0,Yes
Denver.tsp,LS,250.0,48.0,1.4797,159808.0,Yes
Denver.tsp,LS,250.0,49.0,1.8458,164753.0,Yes
Denver.tsp,LS,250.0,50.0,1.4558,177029.0,Yes
Denver.tsp,LS,250.0,51.0,1.4317,171400.0,Yes
Denver.tsp,LS,500.0,42.0,1.3656,179839.0,Yes
Denver.tsp,LS,500.0,43.0,2.1749,187074.0,Yes
Denver.tsp,LS,500.0,44.0,1.4235,181405.0,Yes
Denver.tsp,LS,500.0,45.0,1.3663,182910.0,Yes
Denver.tsp,LS,500.0,46.0,1.3692,183540.0,Yes
Denver.tsp,LS,500.0,47.0,1.372,169865.0,Yes
Denver.tsp,LS,500.0,48.0,1.3616,159808.0,Yes
Denver.tsp,LS,500.0,49.0,1.6407,164753.0,Yes
Denver.tsp,LS,500.0,50.0,1.4497,177029.0,Yes
Denver.tsp,LS,500.0,51.0,1.3424,171400.0,Yes
NYC.tsp,LS,5.0,42.0,1.641,2172000.0,Yes
NYC.tsp,LS,5.0,43.0,1.3173,2281324.0,Yes
NYC.tsp,LS,5.0,44.0,1.3028,2201523.0,Yes
NYC.tsp,LS,5.0,45.0,1.2995,2125791.0,Yes
NYC.tsp,LS,5.0,46.0,1.3448,2225149.0,Yes
NYC.tsp,LS,5.0,47.0,1.3363,2527333.0,Yes
NYC.tsp,LS,5.0,48.0,1.3891,1842333.0,Yes
NYC.tsp,LS,5.0,49.0,1.3088,2336532.0,Yes
NYC.tsp,LS,5.0,50.0,1.3197,2080804.0,Yes
NYC.tsp,LS,5.0,51.0,1.3151,2196709.0,Yes
NYC.tsp,LS,10.0,42.0,1.3804,2172000.0,Yes
NYC.tsp,LS,10.0,43.0,1.6593,2281324.0,Yes
NYC.tsp,LS,10.0,44.0,1.3893,2201523.0,Yes
NYC.tsp,LS,10.0,45.0,1.3041,2125791.0,Yes
NYC.tsp,LS,10.0,46.0,1.332,2225149.0,Yes
NYC.tsp,LS,10.0,47.0,1.3403,2527333.0,Yes
NYC.tsp,LS,10.0,48.0,1.2957,1842333.0,Yes
NYC.tsp,LS,10.0,49.0,1.3069,2336532.0,Yes
NYC.tsp,LS,10.0,50.0,1.3039,2080804.0,Yes
NYC.tsp,LS,10.0,51.0,1.4621,2196709.0,Yes
NYC.tsp,LS,15.0,42.0,1.3384,2172000.0,Yes
NYC.tsp,LS,15.0,43.0,1.3885,2281324.0,Yes
NYC.tsp,LS,15.0,44.0,1.5644,2201523.0,Yes
NYC.tsp,LS,15.0,45.0,1.5214,2125791.0,Yes
NYC.tsp,LS,15.0,46.0,1.2866,2225149.0,Yes
NYC.tsp,LS,15.0,47.0,1.3598,2527333.0,Yes
NYC.tsp,LS,15.0,48.0,1.2939,1842333.0,Yes
NYC.tsp,LS,15.0,49.0,1.3373,2336532.0,Yes
NYC.tsp,LS,15.0,50.0,1.3066,2080804.0,Yes
NYC.tsp,LS,15.0,51.0,1.3116,2196709.0,Yes
NYC.tsp,LS,20.0,42.0,1.3061,2172000.0,Yes
NYC.tsp,LS,20.0,43.0,1.3252,2281324.0,Yes
NYC.tsp,LS,20.0,44.0,1.3261,2201523.0,Yes
NYC.tsp,LS,20.0,45.0,1.4226,2125791.0,Yes
NYC.tsp,LS,20.0,46.0,1.6405,2225149.0,Yes
NYC.tsp,LS,20.0,47.0,1.3144,2527333.0,Yes
NYC.tsp,LS,20.0,48.0,1.3618,1842333.0,Yes
NYC.tsp,LS,20.0,49.0,1.4408,2336532.0,Yes
NYC.tsp,LS,20.0,50.0,1.3782,2080804.0,Yes
NYC.tsp,LS,20.0,51.0,1.3229,2196709.0,Yes
NYC.tsp,LS,25.0,42.0,1.4709,2172000.0,Yes
NYC.tsp,LS,25.0,43.0,1.4622,2281324.0,Yes
NYC.tsp,LS,25.0,44.0,1.5195,2201523.0,Yes
NYC.tsp,LS,25.0,45.0,1.5437,2125791.0,Yes
NYC.tsp,LS,25.0,46.0,1.538,2225149.0,Yes
NYC.tsp,LS,25.0,47.0,1.5547,2527333.0,Yes
NYC.tsp,LS,25.0,48.0,1.4467,1842333.0,Yes
NYC.tsp,LS,25.0,49.0,1.3346,2336532.0,Yes
NYC.tsp,LS,25.0,50.0,1.3122,2080804.0,Yes
NYC.tsp,LS,25.0,51.0,1.2997,2196709.0,Yes
NYC.tsp,LS,50.0,42.0,1.366,2172000.0,Yes
NYC.tsp,LS,50.0,43.0,1.3125,2281324.0,Yes
NYC.tsp,LS,50.0,44.0,1.315,2201523.0,Yes
NYC.tsp,LS,50.0,45.0,1.2993,2125791.0,Yes
NYC.tsp,LS,50.0,46.0,1.3406,2225149.0,Yes
NYC.tsp,LS,50.0,47.0,1.4194,2527333.0,Yes
NYC.tsp,LS,50.0,48.0,1.6109,1842333.0,Yes
NYC.tsp,LS,50.0,49.0,1.3456,2336532.0,Yes
NYC.tsp,LS,50.0,50.0,1.3466,2080804.0,Yes
NYC.tsp,LS,50.0,51.0,1.4021,2196709.0,Yes
NYC.tsp,LS,75.0,42.0,1.338,2172000.0,Yes
NYC.tsp,LS,75.0,43.0,1.5307,2281324.0,Yes
NYC.tsp,LS,75.0,44.0,1.3784,2201523.0,Yes
NYC.tsp,LS,75.0,45.0,1.4146,2125791.0,Yes
NYC.tsp,LS,75.0,46.0,1.3361,2225149.0,Yes
NYC.tsp,LS,75.0,47.0,1.3945,2527333.0,Yes
NYC.tsp,LS,75.0,48.0,1.3861,1842333.0,Yes
NYC.tsp,LS,75.0,49.0,1.7525,2336532.0,Yes
NYC.tsp,LS,75.0,50.0,1.4018,2080804.0,Yes
NYC.tsp,LS,75.0,51.0,1.5322,2196709.0,Yes
NYC.tsp,LS,100.0,42.0,1.36,2172000.0,Yes
NYC.tsp,LS,100.0,43.0,1.3498,2281324.0,Yes
NYC.tsp,LS,100.0,44.0,1.313,2201523.0,Yes
NYC.tsp,LS,100.0,45.0,1.4563,2125791.0,Yes
NYC.tsp,LS,100.0,46.0,1.3828,2225149.0,Yes
NYC.tsp,LS,100.0,47.0,1.4075,2527333.0,Yes
NYC.tsp,LS,100.0,48.0,1.3608,1842333.0,Yes
NYC.tsp,LS,100.0,49.0,1.4668,2336532.0,Yes
NYC.tsp,LS,100.0,50.0,1.7193,2080804.0,Yes
NYC.tsp,LS,100.0,51.0,1.4635,2196709.0,Yes
NYC.tsp,LS,250.0,42.0,1.3301,2172000.0,Yes
NYC.tsp,LS,250.0,43.0,1.4224,2281324.0,Yes
NYC.tsp,LS,250.0,44.0,1.3389,2201523.0,Yes
NYC.tsp,LS,250.0,45.0,1.4811,2125791.0,Yes
NYC.tsp,LS,250.0,46.0,1.4049,2225149.0,Yes
NYC.tsp,LS,250.0,47.0,1.4737,2527333.0,Yes
NYC.tsp,LS,250.0,48.0,1.3722,1842333.0,Yes
NYC.tsp,LS,250.0,49.0,1.4662,2336532.0,Yes
NYC.tsp,LS,250.0,50.0,1.5119,2080804.0,Yes
NYC.tsp,LS,250.0,51.0,1.683,2196709.0,Yes
NYC.tsp,LS,500.0,42.0,1.4444,2172000.0,Yes
NYC.tsp,LS,500.0,43.0,1.4175,2281324.0,Yes
NYC.tsp,LS,500.0,44.0,1.4206,2201523.0,Yes
NYC.tsp,LS,500.0,45.0,1.4394,2125791.0,Yes
NYC.tsp,LS,500.0,46.0,1.3303,2225149.0,Yes
NYC.tsp,LS,500.0,47.0,1.3234,2527333.0,Yes
NYC.tsp,LS,500.0,48.0,1.3965,1842333.0,Yes
NYC.tsp,LS,500.0,49.0,1.3183,2336532.0,Yes
NYC.tsp,LS,500.0,50.0,1.3331,2080804.0,Yes
NYC.tsp,LS,500.0,51.0,1.4127,2196709.0,Yes
Philadelphia.tsp,LS,5.0,42.0,1.2782,1416952.0,Yes
Philadelphia.tsp,LS,5.0,43.0,1.2625,1433649.0,Yes
Philadelphia.tsp,LS,5.0,44.0,1.2086,1439904.0,Yes
Philadelphia.tsp,LS,5.0,45.0,1.2203,1542743.0,Yes
Philadelphia.tsp,LS,5.0,46.0,1.3255,1578443.0,Yes
Philadelphia.tsp,LS,5.0,47.0,1.2231,1443656.0,Yes
Philadelphia.tsp,LS,5.0,48.0,1.2731,1440380.0,Yes
Philadelphia.tsp,LS,5.0,49.0,1.2444,1409268.0,Yes
Philadelphia.tsp,LS,5.0,50.0,1.4228,1552005.0,Yes
Philadelphia.tsp,LS,5.0,51.0,1.4866,1444862.0,Yes
Philadelphia.tsp,LS,10.0,42.0,1.4161,1416952.0,Yes
Philadelphia.tsp,LS,10.0,43.0,1.2799,1433649.0,Yes
Philadelphia.tsp,LS,10.0,44.0,1.2188,1439904.0,Yes
Philadelphia.tsp,LS,10.0,45.0,1.1878,1542743.0,Yes
Philadelphia.tsp,LS,10.0,46.0,1.2362,1578443.0,Yes
Philadelphia.tsp,LS,10.0,47.0,1.2115,1443656.0,Yes
Philadelphia.tsp,LS,10.0,48.0,1.2963,1440380.0,Yes
Philadelphia.tsp,LS,10.0,49.0,1.2476,1409268.0,Yes
Philadelphia.tsp,LS,10.0,50.0,1.2546,1552005.0,Yes
Philadelphia.tsp,LS,10.0,51.0,1.3472,1444862.0,Yes
Philadelphia.tsp,LS,15.0,42.0,1.3076,1416952.0,Yes
Philadelphia.tsp,LS,15.0,43.0,1.3744,1433649.0,Yes
Philadelphia.tsp,LS,15.0,44.0,1.3316,1439904.0,Yes
Philadelphia.tsp,LS,15.0,45.0,1.2259,1542743.0,Yes
Philadelphia.tsp,LS,15.0,46.0,1.28,1578443.0,Yes
Philadelphia.tsp,LS,15.0,47.0,1.2078,1443656.0,Yes
Philadelphia.tsp,LS,15.0,48.0,1.2198,1440380.0,Yes
Philadelphia.tsp,LS,15.0,49.0,1.1918,1409268.0,Yes
Philadelphia.tsp,LS,15.0,50.0,1.2175,1552005.0,Yes
Philadelphia.tsp,LS,15.0,51.0,1.3082,1444862.0,Yes
Philadelphia.tsp,LS,20.0,42.0,1.4266,1416952.0,Yes
Philadelphia.tsp,LS,20.0,43.0,1.302,1433649.0,Yes
Philadelphia.tsp,LS,20.0,44.0,1.3035,1439904.0,Yes
Philadelphia.tsp,LS,20.0,45.0,1.7822,1542743.0,Yes
Philadelphia.tsp,LS,20.0,46.0,1.4537,1578443.0,Yes
Philadelphia.tsp,LS,20.0,47.0,1.3128,1443656.0,Yes
Philadelphia.tsp,LS,20.0,48.0,1.3192,1440380.0,Yes
Philadelphia.tsp,LS,20.0,49.0,1.2887,1409268.0,Yes
Philadelphia.tsp,LS,20.0,50.0,1.2097,1552005.0,Yes
Philadelphia.tsp,LS,20.0,51.0,1.2598,1444862.0,Yes
Philadelphia.tsp,LS,25.0,42.0,1.1905,1416952.0,Yes
Philadelphia.tsp,LS,25.0,43.0,1.2591,1433649.0,Yes
Philadelphia.tsp,LS,25.0,44.0,1.2628,1439904.0,Yes
Philadelphia.tsp,LS,25.0,45.0,1.245,1542743.0,Yes
Philadelphia.tsp,LS,25.0,46.0,1.3199,1578443.0,Yes
Philadelphia.tsp,LS,25.0,47.0,1.4455,1443656.0,Yes
Philadelphia.tsp,LS,25.0,48.0,1.5116,1440380.0,Yes
Philadelphia.tsp,LS,25.0,49.0,1.289,1409268.0,Yes
Philadelphia.tsp,LS,25.0,50.0,1.3555,1552005.0,Yes
Philadelphia.tsp,LS,25.0,51.0,1.4012,1444862.0,Yes
Philadelphia.tsp,LS,50.0,42.0,1.5668,1416952.0,Yes
Philadelphia.tsp,LS,50.0,43.0,1.3582,1433649.0,Yes
Philadelphia.tsp,LS,50.0,44.0,1.3138,1439904.0,Yes
Philadelphia.tsp,LS,50.0,45.0,1.2983,1542743.0,Yes
Philadelphia.tsp,LS,50.0,46.0,1.3563,1578443.0,Yes
Philadelphia.tsp,LS,50.0,47.0,1.322,1443656.0,Yes
Philadelphia.tsp,LS,50.0,48.0,1.3743,1440380.0,Yes
Philadelphia.tsp,LS,50.0,49.0,1.404,1409268.0,Yes
Philadelphia.tsp,LS,50.0,50.0,1.2247,1552005.0,Yes
Philadelphia.tsp,LS,50.0,51.0,1.2212,1444862.0,Yes
Philadelphia.tsp,LS,75.0,42.0,1.215,1416952.0,Yes
Philadelphia.tsp,LS,75.0,43.0,1.284,1433649.0,Yes
Philadelphia.tsp,LS,75.0,44.0,1.243,1439904.0,Yes
Philadelphia.tsp,LS,75.0,45.0,1.2415,1542743.0,Yes
Philadelphia.tsp,LS,75.0,46.0,1.2765,1578443.0,Yes
Philadelphia.tsp,LS,75.0,47.0,1.2274,1443656.0,Yes
Philadelphia.tsp,LS,75.0,48.0,1.2773,1440380.0,Yes
Philadelphia.tsp,LS,75.0,49.0,1.2649,1409268.0,Yes
Philadelphia.tsp,LS,75.0,50.0,1.3789,1552005.0,Yes
Philadelphia.tsp,LS,75.0,51.0,1.5108,1444862.0,Yes
Philadelphia.tsp,LS,100.0,42.0,1.5061,1416952.0,Yes
Philadelphia.tsp,LS,100.0,43.0,1.5519,1433649.0,Yes
Philadelphia.tsp,LS,100.0,44.0,1.6442,1439904.0,Yes
Philadelphia.tsp,LS,100.0,45.0,1.5502,1542743.0,Yes
Philadelphia.tsp,LS,100.0,46.0,1.4861,1578443.0,Yes
Philadelphia.tsp,LS,100.0,47.0,1.3967,1443656.0,Yes
Philadelphia.tsp,LS,100.0,48.0,1.3715,1440380.0,Yes
Philadelphia.tsp,LS,100.0,49.0,1.7833,1409268.0,Yes
Philadelphia.tsp,LS,100.0,50.0,1.8056,1552005.0,Yes
Philadelphia.tsp,LS,100.0,51.0,1.7125,1444862.0,Yes
Philadelphia.tsp,LS,250.0,42.0,1.435,1416952.0,Yes
Philadelphia.tsp,LS,250.0,43.0,1.2933,1433649.0,Yes
Philadelphia.tsp,LS,250.0,44.0,1.3931,1439904.0,Yes
Philadelphia.tsp,LS,250.0,45.0,1.3789,1542743.0,Yes
Philadelphia.tsp,LS,250.0,46.0,1.342,1578443.0,Yes
Philadelphia.tsp,LS,250.0,47.0,1.3877,1443656.0,Yes
Philadelphia.tsp,LS,250.0,48.0,1.2962,1440380.0,Yes
Philadelphia.tsp,LS,250.0,49.0,1.2659,1409268.0,Yes
Philadelphia.tsp,LS,250.0,50.0,1.21,1552005.0,Yes
Philadelphia.tsp,LS,250.0,51.0,1.2101,1444862.0,Yes
Philadelphia.tsp,LS,500.0,42.0,1.5028,1416952.0,Yes
Philadelphia.tsp,LS,500.0,43.0,1.2922,1433649.0,Yes
Philadelphia.tsp,LS,500.0,44.0,1.2939,1439904.0,Yes
Philadelphia.tsp,LS,500.0,45.0,1.2191,1542743.0,Yes
Philadelphia.tsp,LS,500.0,46.0,1.2112,1578443.0,Yes
Philadelphia.tsp,LS,500.0,47.0,1.243,1443656.0,Yes
Philadelphia.tsp,LS,500.0,48.0,1.2118,1440380.0,Yes
Philadelphia.tsp,LS,500.0,49.0,1.2715,1409268.0,Yes
Philadelphia.tsp,LS,500.0,50.0,1.1959,1552005.0,Yes
Philadelphia.tsp,LS,500.0,51.0,1.2465,1444862.0,Yes
Roanoke.tsp,LS,5.0,42.0,1.9121,3587924.0,Yes
Roanoke.tsp,LS,5.0,43.0,1.7732,2995991.0,Yes
Roanoke.tsp,LS,5.0,44.0,1.74,3363859.0,Yes
Roanoke.tsp,LS,5.0,45.0,1.8758,2790580.0,Yes
Roanoke.tsp,LS,5.0,46.0,1.9121,3283393.0,Yes
Roanoke.tsp,LS,5.0,47.0,1.8746,3229887.0,Yes
Roanoke.tsp,LS,5.0,48.0,1.7813,3265941.0,Yes
Roanoke.tsp,LS,5.0,49.0,1.8012,3246433.0,Yes
Roanoke.tsp,LS,5.0,50.0,2.2373,3065689.0,Yes
Roanoke.tsp,LS,5.0,51.0,1.8136,3125025.0,Yes
Roanoke.tsp,LS,10.0,42.0,1.7634,3587924.0,Yes
Roanoke.tsp,LS,10.0,43.0,1.8281,2995991.0,Yes
Roanoke.tsp,LS,10.0,44.0,1.8358,3363859.0,Yes
Roanoke.tsp,LS,10.0,45.0,1.8114,2790580.0,Yes
Roanoke.tsp,LS,10.0,46.0,1.7731,3283393.0,Yes
Roanoke.tsp,LS,10.0,47.0,1.8351,3229887.0,Yes
Roanoke.tsp,LS,10.0,48.0,2.0615,3265941.0,Yes
Roanoke.tsp,LS,10.0,49.0,2.0623,3246433.0,Yes
Roanoke.tsp,LS,10.0,50.0,2.0401,3065689.0,Yes
Roanoke.tsp,LS,10.0,51.0,1.9044,3125025.0,Yes
Roanoke.tsp,LS,15.0,42.0,1.7536,3587924.0,Yes
Roanoke.tsp,LS,15.0,43.0,1.7417,2995991.0,Yes
Roanoke.tsp,LS,15.0,44.0,1.8997,3363859.0,Yes
Roanoke.tsp,LS,15.0,45.0,1.8508,2790580.0,Yes
Roanoke.tsp,LS,15.0,46.0,1.9287,3283393.0,Yes
Roanoke.tsp,LS,15.0,47.0,1.9311,3229887.0,Yes
Roanoke.tsp,LS,15.0,48.0,1.8287,3265941.0,Yes
Roanoke.tsp,LS,15.0,49.0,1.8941,3246433.0,Yes
Roanoke.tsp,LS,15.0,50.0,1.8375,3065689.0,Yes
Roanoke.tsp,LS,15.0,51.0,1.7566,3125025.0,Yes
Roanoke.tsp,LS,20.0,42.0,1.7981,3587924.0,Yes
Roanoke.tsp,LS,20.0,43.0,2.1423,2995991.0,Yes
Roanoke.tsp,LS,20.0,44.0,1.7767,3363859.0,Yes
Roanoke.tsp,LS,20.0,45.0,2.1296,2790580.0,Yes
Roanoke.tsp,LS,20.0,46.0,1.7523,3283393.0,Yes
Roanoke.tsp,LS,20.0,47.0,1.8091,3229887.0,Yes
Roanoke.tsp,LS,20.0,48.0,2.2244,3265941.0,Yes
Roanoke.tsp,LS,20.0,49.0,1.8642,3246433.0,Yes
Roanoke.tsp,LS,20.0,50.0,1.7669,3065689.0,Yes
Roanoke.tsp,LS,20.0,51.0,1.7945,3125025.0,Yes
Roanoke.tsp,LS,25.0,42.0,1.8616,3587924.0,Yes
Roanoke.tsp,LS,25.0,43.0,2.2343,2995991.0,Yes
Roanoke.tsp,LS,25.0,44.0,1.9202,3363859.0,Yes
Roanoke.tsp,LS,25.0,45.0,1.8092,2790580.0,Yes
Roanoke.tsp,LS,25.0,46.0,1.8446,3283393.0,Yes
Roanoke.tsp,LS,25.0,47.0,1.9828,3229887.0,Yes
Roanoke.tsp,LS,25.0,48.0,1.8484,3265941.0,Yes
Roanoke.tsp,LS,25.0,49.0,1.8586,3246433.0,Yes
Roanoke.tsp,LS,25.0,50.0,1.8326,3065689.0,Yes
Roanoke.tsp,LS,25.0,51.0,2.1489,3125025.0,Yes
Roanoke.tsp,LS,50.0,42.0,2.0775,3587924.0,Yes
Roanoke.tsp,LS,50.0,43.0,1.9032,2995991.0,Yes
Roanoke.tsp,LS,50.0,44.0,1.7355,3363859.0,Yes
Roanoke.tsp,LS,50.0,45.0,1.7755,2790580.0,Yes
Roanoke.tsp,LS,50.0,46.0,1.9029,3283393.0,Yes
Roanoke.tsp,LS,50.0,47.0,1.7776,3229887.0,Yes
Roanoke.tsp,LS,50.0,48.0,1.793,3265941.0,Yes
Roanoke.tsp,LS,50.0,49.0,1.8798,3246433.0,Yes
Roanoke.tsp,LS,50.0,50.0,2.2864,3065689.0,Yes
Roanoke.tsp,LS,50.0,51.0,2.0128,3125025.0,Yes
Roanoke.tsp,LS,75.0,42.0,1.8356,3587924.0,Yes
Roanoke.tsp,LS,75.0,43.0,1.8225,2995991.0,Yes
Roanoke.tsp,LS,75.0,44.0,1.9767,3363859.0,Yes
Roanoke.tsp,LS,75.0,45.0,1.8315,2790580.0,Yes
Roanoke.tsp,LS,75.0,46.0,1.7424,3283393.0,Yes
Roanoke.tsp,LS,75.0,47.0,1.8596,3229887.0,Yes
Roanoke.tsp,LS,75.0,48.0,2.3816,3265941.0,Yes
Roanoke.tsp,LS,75.0,49.0,1.802,3246433.0,Yes
Roanoke.tsp,LS,75.0,50.0,1.8933,3065689.0,Yes
Roanoke.tsp,LS,75.0,51.0,1.9071,3125025.0,Yes
Roanoke.tsp,LS,100.0,42.0,1.8297,3587924.0,Yes
Roanoke.tsp,LS,100.0,43.0,1.7625,2995991.0,Yes
Roanoke.tsp,LS,100.0,44.0,1.8584,3363859.0,Yes
Roanoke.tsp,LS,100.0,45.0,1.7746,2790580.0,Yes
Roanoke.tsp,LS,100.0,46.0,2.2066,3283393.0,Yes
Roanoke.tsp,LS,100.0,47.0,1.8464,3229887.0,Yes
Roanoke.tsp,LS,100.0,48.0,1.8267,3265941.0,Yes
Roanoke.tsp,LS,100.0,49.0,2.3123,3246433.0,Yes
Roanoke.tsp,LS,100.0,50.0,1.8965,3065689.0,Yes
Roanoke.tsp,LS,100.0,51.0,1.93,3125025.0,Yes
Roanoke.tsp,LS,250.0,42.0,1.865,3587924.0,Yes
Roanoke.tsp,LS,250.0,43.0,1.8196,2995991.0,Yes
Roanoke.tsp,LS,250.0,44.0,2.2291,3363859.0,Yes
Roanoke.tsp,LS,250.0,45.0,2.1407,2790580.0,Yes
Roanoke.tsp,LS,250.0,46.0,1.7576,3283393.0,Yes
Roanoke.tsp,LS,250.0,47.0,1.7694,3229887.0,Yes
Roanoke.tsp,LS,250.0,48.0,1.8865,3265941.0,Yes
Roanoke.tsp,LS,250.0,49.0,2.0356,3246433.0,Yes
Roanoke.tsp,LS,250.0,50.0,1.8941,3065689.0,Yes
Roanoke.tsp,LS,250.0,51.0,2.1027,3125025.0,Yes
Roanoke.tsp,LS,500.0,42.0,2.2882,3587924.0,Yes
Roanoke.tsp,LS,500.0,43.0,1.8845,2995991.0,Yes
Roanoke.tsp,LS,500.0,44.0,2.7745,3363859.0,Yes
Roanoke.tsp,LS,500.0,45.0,1.824,2790580.0,Yes
Roanoke.tsp,LS,500.0,46.0,1.8082,3283393.0,Yes
Roanoke.tsp,LS,500.0,47.0,1.8261,3229887.0,Yes
Roanoke.tsp,LS,500.0,48.0,1.7909,3265941.0,Yes
Roanoke.tsp,LS,500.0,49.0,1.9027,3246433.0,Yes
Roanoke.tsp,LS,500.0,50.0,2.3046,3065689.0,Yes
Roanoke.tsp,LS,500.0,51.0,1.7742,3125025.0,Yes
SanFrancisco.tsp,LS,5.0,42.0,1.3933,1623181.0,Yes
SanFrancisco.tsp,LS,5.0,43.0,1.3909,1694810.0,Yes
SanFrancisco.tsp,LS,5.0,44.0,1.3482,1689611.0,Yes
SanFrancisco.tsp,LS,5.0,45.0,1.3988,1664343.0,Yes
SanFrancisco.tsp,LS,5.0,46.0,1.3791,1656389.0,Yes
SanFrancisco.tsp,LS,5.0,47.0,1.4906,1630464.0,Yes
SanFrancisco.tsp,LS,5.0,48.0,1.558,1694064.0,Yes
SanFrancisco.tsp,LS,5.0,49.0,1.4467,1782174.0,Yes
SanFrancisco.tsp,LS,5.0,50.0,1.3753,1600564.0,Yes
SanFrancisco.tsp,LS,5.0,51.0,1.4206,1720532.0,Yes
SanFrancisco.tsp,LS,10.0,42.0,1.3864,1623181.0,Yes
SanFrancisco.tsp,LS,10.0,43.0,1.4161,1694810.0,Yes
SanFrancisco.tsp,LS,10.0,44.0,1.4032,1689611.0,Yes
SanFrancisco.tsp,LS,10.0,45.0,1.3532,1664343.0,Yes
SanFrancisco.tsp,LS,10.0,46.0,1.3923,1656389.0,Yes
SanFrancisco.tsp,LS,10.0,47.0,1.3828,1630464.0,Yes
SanFrancisco.tsp,LS,10.0,48.0,1.4336,1694064.0,Yes
SanFrancisco.tsp,LS,10.0,49.0,1.5549,1782174.0,Yes
SanFrancisco.tsp,LS,10.0,50.0,1.473,1600564.0,Yes
SanFrancisco.tsp,LS,10.0,51.0,1.3932,1720532.0,Yes
SanFrancisco.tsp,LS,15.0,42.0,1.4105,1623181.0,Yes
SanFrancisco.tsp,LS,15.0,43.0,1.3978,1694810.0,Yes
SanFrancisco.tsp,LS,15.0,44.0,1.4066,1689611.0,Yes
SanFrancisco.tsp,LS,15.0,45.0,1.4082,1664343.0,Yes
SanFrancisco.tsp,LS,15.0,46.0,1.4593,1656389.0,Yes
SanFrancisco.tsp,LS,15.0,47.0,1.37,1630464.0,Yes
SanFrancisco.tsp,LS,15.0,48.0,1.4453,1694064.0,Yes
SanFrancisco.tsp,LS,15.0,49.0,1.4505,1782174.0,Yes
SanFrancisco.tsp,LS,15.0,50.0,2.0304,1600564.0,Yes
SanFrancisco.tsp,LS,15.0,51.0,1.7617,1720532.0,Yes
SanFrancisco.tsp,LS,20.0,42.0,1.9197,1623181.0,Yes
SanFrancisco.tsp,LS,20.0,43.0,1.5029,1694810.0,Yes
SanFrancisco.tsp,LS,20.0,44.0,1.4774,1689611.0,Yes
SanFrancisco.tsp,LS,20.0,45.0,1.5496,1664343.0,Yes
SanFrancisco.tsp,LS,20.0,46.0,1.4275,1656389.0,Yes
SanFrancisco.tsp,LS,20.0,47.0,1.4425,1630464.0,Yes
SanFrancisco.tsp,LS,20.0,48.0,1.4064,1694064.0,Yes
SanFrancisco.tsp,LS,20.0,49.0,1.4499,1782174.0,Yes
SanFrancisco.tsp,LS,20.0,50.0,1.7733,1600564.0,Yes
SanFrancisco.tsp,LS,20.0,51.0,1.605,1720532.0,Yes
SanFrancisco.tsp,LS,25.0,42.0,1.5899,1623181.0,Yes
SanFrancisco.tsp,LS,25.0,43.0,1.5634,1694810.0,Yes
SanFrancisco.tsp,LS,25.0,44.0,1.4844,1689611.0,Yes
SanFrancisco.tsp,LS,25.0,45.0,1.5218,1664343.0,Yes
SanFrancisco.tsp,LS,25.0,46.0,1.4247,1656389.0,Yes
SanFrancisco.tsp,LS,25.0,47.0,1.5807,1630464.0,Yes
SanFrancisco.tsp,LS,25.0,48.0,1.5918,1694064.0,Yes
SanFrancisco.tsp,LS,25.0,49.0,1.9482,1782174.0,Yes
SanFrancisco.tsp,LS,25.0,50.0,2.6752,1600564.0,Yes
SanFrancisco.tsp,LS,25.0,51.0,1.6406,1720532.0,Yes
SanFrancisco.tsp,LS,50.0,42.0,1.6966,1623181.0,Yes
SanFrancisco.tsp,LS,50.0,43.0,1.8979,1694810.0,Yes
SanFrancisco.tsp,LS,50.0,44.0,1.7873,1689611.0,Yes
SanFrancisco.tsp,LS,50.0,45.0,1.4708,1664343.0,Yes
SanFrancisco.tsp,LS,50.0,46.0,1.5047,1656389.0,Yes
SanFrancisco.tsp,LS,50.0,47.0,1.7096,1630464.0,Yes
SanFrancisco.tsp,LS,50.0,48.0,1.923,1694064.0,Yes
SanFrancisco.tsp,LS,50.0,49.0,2.0212,1782174.0,Yes
SanFrancisco.tsp,LS,50.0,50.0,1.5811,1600564.0,Yes
SanFrancisco.tsp,LS,50.0,51.0,1.4075,1720532.0,Yes
SanFrancisco.tsp,LS,75.0,42.0,1.5972,1623181.0,Yes
SanFrancisco.tsp,LS,75.0,43.0,1.6612,1694810.0,Yes
SanFrancisco.tsp,LS,75.0,44.0,1.4831,1689611.0,Yes
SanFrancisco.tsp,LS,75.0,45.0,1.517,1664343.0,Yes
SanFrancisco.tsp,LS,75.0,46.0,1.6726,1656389.0,Yes
SanFrancisco.tsp,LS,75.0,47.0,1.6622,1630464.0,Yes
SanFrancisco.tsp,LS,75.0,48.0,1.9527,1694064.0,Yes
SanFrancisco.tsp,LS,75.0,49.0,1.6007,1782174.0,Yes
SanFrancisco.tsp,LS,75.0,50.0,1.569,1600564.0,Yes
SanFrancisco.tsp,LS,75.0,51.0,1.4923,1720532.0,Yes
SanFrancisco.tsp,LS,100.0,42.0,1.4825,1623181.0,Yes
SanFrancisco.tsp,LS,100.0,43.0,1.5083,1694810.0,Yes
SanFrancisco.tsp,LS,100.0,44.0,1.5607,1689611.0,Yes
SanFrancisco.tsp,LS,100.0,45.0,1.5166,1664343.0,Yes
SanFrancisco.tsp,LS,100.0,46.0,1.4999,1656389.0,Yes
SanFrancisco.tsp,LS,100.0,47.0,1.7095,1630464.0,Yes
SanFrancisco.tsp,LS,100.0,48.0,1.7874,1694064.0,Yes
SanFrancisco.tsp,LS,100.0,49.0,1.5428,1782174.0,Yes
SanFrancisco.tsp,LS,100.0,50.0,1.5304,1600564.0,Yes
SanFrancisco.tsp,LS,100.0,51.0,1.6392,1720532.0,Yes
SanFrancisco.tsp,LS,250.0,42.0,1.6068,1623181.0,Yes
SanFrancisco.tsp,LS,250.0,43.0,1.4203,1694810.0,Yes
SanFrancisco.tsp,LS,250.0,44.0,1.4365,1689611.0,Yes
SanFrancisco.tsp,LS,250.0,45.0,1.4379,1664343.0,Yes
SanFrancisco.tsp,LS,250.0,46.0,1.5785,1656389.0,Yes
SanFrancisco.tsp,LS,250.0,47.0,1.7308,1630464.0,Yes
SanFrancisco.tsp,LS,250.0,48.0,1.7442,1694064.0,Yes
SanFrancisco.tsp,LS,250.0,49.0,1.5136,1782174.0,Yes
SanFrancisco.tsp,LS,250.0,50.0,1.567,1600564.0,Yes
SanFrancisco.tsp,LS,250.0,51.0,1.5649,1720532.0,Yes
SanFrancisco.tsp,LS,500.0,42.0,1.4723,1623181.0,Yes
SanFrancisco.tsp,LS,500.0,43.0,1.4498,1694810.0,Yes
SanFrancisco.tsp,LS,500.0,44.0,1.4492,1689611.0,Yes
SanFrancisco.tsp,LS,500.0,45.0,1.5382,1664343.0,Yes
SanFrancisco.tsp,LS,500.0,46.0,1.5406,1656389.0,Yes
SanFrancisco.tsp,LS,500.0,47.0,1.8125,1630464.0,Yes
SanFrancisco.tsp,LS,500.0,48.0,1.9032,1694064.0,Yes
SanFrancisco.tsp,LS,500.0,49.0,1.5694,1782174.0,Yes
SanFrancisco.tsp,LS,500.0,50.0,1.6063,1600564.0,Yes
SanFrancisco.tsp,LS,500.0,51.0,1.5311,1720532.0,Yes
Toronto.tsp,LS,5.0,42.0,1.4471,2842231.0,Yes
Toronto.tsp,LS,5.0,43.0,1.3802,3286870.0,Yes
Toronto.tsp,LS,5.0,44.0,1.6068,2797760.0,Yes
Toronto.tsp,LS,5.0,45.0,1.5377,2836216.0,Yes
Toronto.tsp,LS,5.0,46.0,1.5579,2805672.0,Yes
Toronto.tsp,LS,5.0,47.0,1.4657,3025524.0,Yes
Toronto.tsp,LS,5.0,48.0,1.505,2811359.0,Yes
Toronto.tsp,LS,5.0,49.0,1.446,2535166.0,Yes
Toronto.tsp,LS,5.0,50.0,1.4893,3152006.0,Yes
Toronto.tsp,LS,5.0,51.0,1.4255,2608913.0,Yes
Toronto.tsp,LS,10.0,42.0,1.492,2842231.0,Yes
Toronto.tsp,LS,10.0,43.0,1.4789,3286870.0,Yes
Toronto.tsp,LS,10.0,44.0,1.6471,2797760.0,Yes
Toronto.tsp,LS,10.0,45.0,1.6314,2836216.0,Yes
Toronto.tsp,LS,10.0,46.0,1.4386,2805672.0,Yes
Toronto.tsp,LS,10.0,47.0,1.4216,3025524.0,Yes
Toronto.tsp,LS,10.0,48.0,1.4239,2811359.0,Yes
Toronto.tsp,LS,10.0,49.0,1.4027,2535166.0,Yes
Toronto.tsp,LS,10.0,50.0,1.4138,3152006.0,Yes
Toronto.tsp,LS,10.0,51.0,1.4035,2608913.0,Yes
Toronto.tsp,LS,15.0,42.0,1.4021,2842231.0,Yes
Toronto.tsp,LS,15.0,43.0,1.5692,3286870.0,Yes
Toronto.tsp,LS,15.0,44.0,1.6603,2797760.0,Yes
Toronto.tsp,LS,15.0,45.0,1.9016,2836216.0,Yes
Toronto.tsp,LS,15.0,46.0,1.6031,2805672.0,Yes
Toronto.tsp,LS,15.0,47.0,1.4393,3025524.0,Yes
Toronto.tsp,LS,15.0,48.0,1.629,2811359.0,Yes
Toronto.tsp,LS,15.0,49.0,1.7177,2535166.0,Yes
Toronto.tsp,LS,15.0,50.0,1.7206,3152006.0,Yes
Toronto.tsp,LS,15.0,51.0,1.5178,2608913.0,Yes
Toronto.tsp,LS,20.0,42.0,1.411,2842231.0,Yes
Toronto.tsp,LS,20.0,43.0,1.4029,3286870.0,Yes
Toronto.tsp,LS,20.0,44.0,1.4315,2797760.0,Yes
Toronto.tsp,LS,20.0,45.0,1.7451,2836216.0,Yes
Toronto.tsp,LS,20.0,46.0,1.4214,2805672.0,Yes
Toronto.tsp,LS,20.0,47.0,1.4421,3025524.0,Yes
Toronto.tsp,LS,20.0,48.0,1.4,2811359.0,Yes
Toronto.tsp,LS,20.0,49.0,1.3976,2535166.0,Yes
Toronto.tsp,LS,20.0,50.0,1.4222,3152006.0,Yes
Toronto.tsp,LS,20.0,51.0,1.4311,2608913.0,Yes
Toronto.tsp,LS,25.0,42.0,1.3708,2842231.0,Yes
Toronto.tsp,LS,25.0,43.0,1.4083,3286870.0,Yes
Toronto.tsp,LS,25.0,44.0,1.4128,2797760.0,Yes
Toronto.tsp,LS,25.0,45.0,1.5071,2836216.0,Yes
Toronto.tsp,LS,25.0,46.0,1.6691,2805672.0,Yes
Toronto.tsp,LS,25.0,47.0,1.4775,3025524.0,Yes
Toronto.tsp,LS,25.0,48.0,1.3922,2811359.0,Yes
Toronto.tsp,LS,25.0,49.0,1.4435,2535166.0,Yes
Toronto.tsp,LS,25.0,50.0,1.4288,3152006.0,Yes
Toronto.tsp,LS,25.0,51.0,1.5689,2608913.0,Yes
Toronto.tsp,LS,50.0,42.0,1.3995,2842231.0,Yes
Toronto.tsp,LS,50.0,43.0,1.3996,3286870.0,Yes
Toronto.tsp,LS,50.0,44.0,1.4222,2797760.0,Yes
Toronto.tsp,LS,50.0,45.0,1.5313,2836216.0,Yes
Toronto.tsp,LS,50.0,46.0,1.6504,2805672.0,Yes
Toronto.tsp,LS,50.0,47.0,1.5832,3025524.0,Yes
Toronto.tsp,LS,50.0,48.0,1.4764,2811359.0,Yes
Toronto.tsp,LS,50.0,49.0,1.5568,2535166.0,Yes
Toronto.tsp,LS,50.0,50.0,1.4889,3152006.0,Yes
Toronto.tsp,LS,50.0,51.0,1.5688,2608913.0,Yes
Toronto.tsp,LS,75.0,42.0,1.5511,2842231.0,Yes
Toronto.tsp,LS,75.0,43.0,1.439,3286870.0,Yes
Toronto.tsp,LS,75.0,44.0,1.4226,2797760.0,Yes
Toronto.tsp,LS,75.0,45.0,1.4354,2836216.0,Yes
Toronto.tsp,LS,75.0,46.0,1.5925,2805672.0,Yes
Toronto.tsp,LS,75.0,47.0,1.6424,3025524.0,Yes
Toronto.tsp,LS,75.0,48.0,1.4518,2811359.0,Yes
Toronto.tsp,LS,75.0,49.0,1.4007,2535166.0,Yes
Toronto.tsp,LS,75.0,50.0,1.4129,3152006.0,Yes
Toronto.tsp,LS,75.0,51.0,1.3754,2608913.0,Yes
Toronto.tsp,LS,100.0,42.0,1.4069,2842231.0,Yes
Toronto.tsp,LS,100.0,43.0,1.4104,3286870.0,Yes
Toronto.tsp,LS,100.0,44.0,1.4709,2797760.0,Yes
Toronto.tsp,LS,100.0,45.0,1.5789,2836216.0,Yes
Toronto.tsp,LS,100.0,46.0,1.5934,2805672.0,Yes
Toronto.tsp,LS,100.0,47.0,1.8504,3025524.0,Yes
Toronto.tsp,LS,100.0,48.0,1.5522,2811359.0,Yes
Toronto.tsp,LS,100.0,49.0,1.4078,2535166.0,Yes
Toronto.tsp,LS,100.0,50.0,1.4285,3152006.0,Yes
Toronto.tsp,LS,100.0,51.0,1.4563,2608913.0,Yes
Toronto.tsp,LS,250.0,42.0,1.5753,2842231.0,Yes
Toronto.tsp,LS,250.0,43.0,1.5134,3286870.0,Yes
Toronto.tsp,LS,250.0,44.0,1.6798,2797760.0,Yes
Toronto.tsp,LS,250.0,45.0,1.4564,2836216.0,Yes
Toronto.tsp,LS,250.0,46.0,1.4699,2805672.0,Yes
Toronto.tsp,LS,250.0,47.0,1.7733,3025524.0,Yes
Toronto.tsp,LS,250.0,48.0,1.6027,2811359.0,Yes
Toronto.tsp,LS,250.0,49.0,1.573,2535166.0,Yes
Toronto.tsp,LS,250.0,50.0,1.4981,3152006.0,Yes
Toronto.tsp,LS,250.0,51.0,1.6135,2608913.0,Yes
Toronto.tsp,LS,500.0,42.0,1.4526,2842231.0,Yes
Toronto.tsp,LS,500.0,43.0,1.4071,3286870.0,Yes
Toronto.tsp,LS,500.0,44.0,1.4227,2797760.0,Yes
Toronto.tsp,LS,500.0,45.0,1.4079,2836216.0,Yes
Toronto.tsp,LS,500.0,46.0,1.436,2805672.0,Yes
Toronto.tsp,LS,500.0,47.0,1.8352,3025524.0,Yes
Toronto.tsp,LS,500.0,48.0,1.5977,2811359.0,Yes
Toronto.tsp,LS,500.0,49.0,1.5553,2535166.0,Yes
Toronto.tsp,LS,500.0,50.0,1.5185,3152006.0,Yes
Toronto.tsp,LS,500.0,51.0,1.5058,2608913.0,Yes
UKansasState.tsp,LS,5.0,42.0,1.2525,62962.0,Yes
UKansasState.tsp,LS,5.0,43.0,1.1631,62962.0,Yes
UKansasState.tsp,LS,5.0,44.0,1.1713,62962.0,Yes
UKansasState.tsp,LS,5.0,45.0,1.1274,62962.0,Yes
UKansasState.tsp,LS,5.0,46.0,1.1795,62962.0,Yes
UKansasState.tsp,LS,5.0,47.0,1.1969,62962.0,Yes
UKansasState.tsp,LS,5.0,48.0,1.1397,62962.0,Yes
UKansasState.tsp,LS,5.0,49.0,1.3148,62962.0,Yes
UKansasState.tsp,LS,5.0,50.0,1.205,62962.0,Yes
UKansasState.tsp,LS,5.0,51.0,1.1486,62962.0,Yes
UKansasState.tsp,LS,10.0,42.0,1.157,62962.0,Yes
UKansasState.tsp,LS,10.0,43.0,1.1623,62962.0,Yes
UKansasState.tsp,LS,10.0,44.0,1.1846,62962.0,Yes
UKansasState.tsp,LS,10.0,45.0,1.168,62962.0,Yes
UKansasState.tsp,LS,10.0,46.0,1.1591,62962.0,Yes
UKansasState.tsp,LS,10.0,47.0,1.1485,62962.0,Yes
UKansasState.tsp,LS,10.0,48.0,1.1509,62962.0,Yes
UKansasState.tsp,LS,10.0,49.0,1.2174,62962.0,Yes
UKansasState.tsp,LS,10.0,50.0,1.1302,62962.0,Yes
UKansasState.tsp,LS,10.0,51.0,1.1696,62962.0,Yes
UKansasState.tsp,LS,15.0,42.0,1.2991,62962.0,Yes
UKansasState.tsp,LS,15.0,43.0,1.2409,62962.0,Yes
UKansasState.tsp,LS,15.0,44.0,1.1471,62962.0,Yes
UKansasState.tsp,LS,15.0,45.0,1.1418,62962.0,Yes
UKansasState.tsp,LS,15.0,46.0,1.1396,62962.0,Yes
UKansasState.tsp,LS,15.0,47.0,1.153,62962.0,Yes
UKansasState.tsp,LS,15.0,48.0,1.1454,62962.0,Yes
UKansasState.tsp,LS,15.0,49.0,1.1449,62962.0,Yes
UKansasState.tsp,LS,15.0,50.0,1.1483,62962.0,Yes
UKansasState.tsp,LS,15.0,51.0,1.1558,62962.0,Yes
UKansasState.tsp,LS,20.0,42.0,1.1353,62962.0,Yes
UKansasState.tsp,LS,20.0,43.0,1.1556,62962.0,Yes
UKansasState.tsp,LS,20.0,44.0,1.188,62962.0,Yes
UKansasState.tsp,LS,20.0,45.0,1.2671,62962.0,Yes
UKansasState.tsp,LS,20.0,46.0,1.2851,62962.0,Yes
UKansasState.tsp,LS,20.0,47.0,1.1328,62962.0,Yes
UKansasState.tsp,LS,20.0,48.0,1.1641,62962.0,Yes
UKansasState.tsp,LS,20.0,49.0,1.1857,62962.0,Yes
UKansasState.tsp,LS,20.0,50.0,1.1665,62962.0,Yes
UKansasState.tsp,LS,20.0,51.0,1.2984,62962.0,Yes
UKansasState.tsp,LS,25.0,42.0,1.2404,62962.0,Yes
UKansasState.tsp,LS,25.0,43.0,1.1425,62962.0,Yes
UKansasState.tsp,LS,25.0,44.0,1.1477,62962.0,Yes
UKansasState.tsp,LS,25.0,45.0,1.1497,62962.0,Yes
UKansasState.tsp,LS,25.0,46.0,1.2037,62962.0,Yes
UKansasState.tsp,LS,25.0,47.0,1.1499,62962.0,Yes
UKansasState.tsp,LS,25.0,48.0,1.2753,62962.0,Yes
UKansasState.tsp,LS,25.0,49.0,1.2733,62962.0,Yes
UKansasState.tsp,LS,25.0,50.0,1.1767,62962.0,Yes
UKansasState.tsp,LS,25.0,51.0,1.2101,62962.0,Yes
UKansasState.tsp,LS,50.0,42.0,1.1472,62962.0,Yes
UKansasState.tsp,LS,50.0,43.0,1.1537,62962.0,Yes
UKansasState.tsp,LS,50.0,44.0,1.1393,62962.0,Yes
UKansasState.tsp,LS,50.0,45.0,1.1337,62962.0,Yes
UKansasState.tsp,LS,50.0,46.0,1.1716,62962.0,Yes
UKansasState.tsp,LS,50.0,47.0,1.1639,62962.0,Yes
UKansasState.tsp,LS,50.0,48.0,1.1696,62962.0,Yes
UKansasState.tsp,LS,50.0,49.0,1.1682,62962.0,Yes
UKansasState.tsp,LS,50.0,50.0,1.1657,62962.0,Yes
UKansasState.tsp,LS,50.0,51.0,1.2576,62962.0,Yes
UKansasState.tsp,LS,75.0,42.0,1.2478,62962.0,Yes
UKansasState.tsp,LS,75.0,43.0,1.172,62962.0,Yes
UKansasState.tsp,LS,75.0,44.0,1.1443,62962.0,Yes
UKansasState.tsp,LS,75.0,45.0,1.1508,62962.0,Yes
UKansasState.tsp,LS,75.0,46.0,1.1925,62962.0,Yes
UKansasState.tsp,LS,75.0,47.0,1.1739,62962.0,Yes
UKansasState.tsp,LS,75.0,48.0,1.1768,62962.0,Yes
UKansasState.tsp,LS,75.0,49.0,1.1781,62962.0,Yes
UKansasState.tsp,LS,75.0,50.0,1.162,62962.0,Yes
UKansasState.tsp,LS,75.0,51.0,1.2386,62962.0,Yes
UKansasState.tsp,LS,100.0,42.0,1.1628,62962.0,Yes
UKansasState.tsp,LS,100.0,43.0,1.1765,62962.0,Yes
UKansasState.tsp,LS,100.0,44.0,1.2637,62962.0,Yes
UKansasState.tsp,LS,100.0,45.0,1.4115,62962.0,Yes
UKansasState.tsp,LS,100.0,46.0,1.192,62962.0,Yes
UKansasState.tsp,LS,100.0,47.0,1.1428,62962.0,Yes
UKansasState.tsp,LS,100.0,48.0,1.1855,62962.0,Yes
UKansasState.tsp,LS,100.0,49.0,1.1704,62962.0,Yes
UKansasState.tsp,LS,100.0,50.0,1.1583,62962.0,Yes
UKansasState.tsp,LS,100.0,51.0,1.1275,62962.0,Yes
UKansasState.tsp,LS,250.0,42.0,1.1811,62962.0,Yes
UKansasState.tsp,LS,250.0,43.0,1.2232,62962.0,Yes
UKansasState.tsp,LS,250.0,44.0,1.2075,62962.0,Yes
UKansasState.tsp,LS,250.0,45.0,1.2093,62962.0,Yes
UKansasState.tsp,LS,250.0,46.0,1.1398,62962.0,Yes
UKansasState.tsp,LS,250.0,47.0,1.3123,62962.0,Yes
UKansasState.tsp,LS,250.0,48.0,1.4189,62962.0,Yes
UKansasState.tsp,LS,250.0,49.0,1.1767,62962.0,Yes
UKansasState.tsp,LS,250.0,50.0,1.1934,62962.0,Yes
UKansasState.tsp,LS,250.0,51.0,1.1688,62962.0,Yes
UKansasState.tsp,LS,500.0,42.0,1.1568,62962.0,Yes
UKansasState.tsp,LS,500.0,43.0,1.1354,62962.0,Yes
UKansasState.tsp,LS,500.0,44.0,1.1788,62962.0,Yes
UKansasState.tsp,LS,500.0,45.0,1.1777,62962.0,Yes
UKansasState.tsp,LS,500.0,46.0,1.1692,62962.0,Yes
UKansasState.tsp,LS,500.0,47.0,1.2077,62962.0,Yes
UKansasState.tsp,LS,500.0,48.0,1.1348,62962.0,Yes
UKansasState.tsp,LS,500.0,49.0,1.1979,62962.0,Yes
UKansasState.tsp,LS,500.0,50.0,1.4985,62962.0,Yes
UKansasState.tsp,LS,500.0,51.0,1.3384,62962.0,Yes
UMissouri.tsp,LS,5.0,42.0,1.4365,262449.0,Yes
UMissouri.tsp,LS,5.0,43.0,1.4145,247059.0,Yes
UMissouri.tsp,LS,5.0,44.0,1.5418,290193.0,Yes
UMissouri.tsp,LS,5.0,45.0,1.4867,279310.0,Yes
UMissouri.tsp,LS,5.0,46.0,1.4264,265805.0,Yes
UMissouri.tsp,LS,5.0,47.0,1.4166,254998.0,Yes
UMissouri.tsp,LS,5.0,48.0,1.464,282179.0,Yes
UMissouri.tsp,LS,5.0,49.0,1.4486,236976.0,Yes
UMissouri.tsp,LS,5.0,50.0,1.4843,279378.0,Yes
UMissouri.tsp,LS,5.0,51.0,1.429,270155.0,Yes
UMissouri.tsp,LS,10.0,42.0,1.4526,262449.0,Yes
UMissouri.tsp,LS,10.0,43.0,1.4151,247059.0,Yes
UMissouri.tsp,LS,10.0,44.0,1.4855,290193.0,Yes
UMissouri.tsp,LS,10.0,45.0,1.6877,279310.0,Yes
UMissouri.tsp,LS,10.0,46.0,1.5738,265805.0,Yes
UMissouri.tsp,LS,10.0,47.0,1.4816,254998.0,Yes
UMissouri.tsp,LS,10.0,48.0,1.4582,282179.0,Yes
UMissouri.tsp,LS,10.0,49.0,1.4378,236976.0,Yes
UMissouri.tsp,LS,10.0,50.0,1.4956,279378.0,Yes
UMissouri.tsp,LS,10.0,51.0,1.4606,270155.0,Yes
UMissouri.tsp,LS,15.0,42.0,1.4214,262449.0,Yes
UMissouri.tsp,LS,15.0,43.0,1.3973,247059.0,Yes
UMissouri.tsp,LS,15.0,44.0,1.4676,290193.0,Yes
UMissouri.tsp,LS,15.0,45.0,1.4507,279310.0,Yes
UMissouri.tsp,LS,15.0,46.0,1.5312,265805.0,Yes
UMissouri.tsp,LS,15.0,47.0,1.4457,254998.0,Yes
UMissouri.tsp,LS,15.0,48.0,1.4088,282179.0,Yes
UMissouri.tsp,LS,15.0,49.0,1.4128,236976.0,Yes
UMissouri.tsp,LS,15.0,50.0,1.3827,279378.0,Yes
UMissouri.tsp,LS,15.0,51.0,1.468,270155.0,Yes
UMissouri.tsp,LS,20.0,42.0,1.4558,262449.0,Yes
UMissouri.tsp,LS,20.0,43.0,1.4515,247059.0,Yes
UMissouri.tsp,LS,20.0,44.0,1.4744,290193.0,Yes
UMissouri.tsp,LS,20.0,45.0,1.4295,279310.0,Yes
UMissouri.tsp,LS,20.0,46.0,1.5302,265805.0,Yes
UMissouri.tsp,LS,20.0,47.0,1.5142,254998.0,Yes
UMissouri.tsp,LS,20.0,48.0,1.4835,282179.0,Yes
UMissouri.tsp,LS,20.0,49.0,1.5429,236976.0,Yes
UMissouri.tsp,LS,20.0,50.0,1.6574,279378.0,Yes
UMissouri.tsp,LS,20.0,51.0,1.5454,270155.0,Yes
UMissouri.tsp,LS,25.0,42.0,1.5423,262449.0,Yes
UMissouri.tsp,LS,25.0,43.0,1.5081,247059.0,Yes
UMissouri.tsp,LS,25.0,44.0,1.447,290193.0,Yes
UMissouri.tsp,LS,25.0,45.0,1.4419,279310.0,Yes
UMissouri.tsp,LS,25.0,46.0,1.6488,265805.0,Yes
UMissouri.tsp,LS,25.0,47.0,1.6128,254998.0,Yes
UMissouri.tsp,LS,25.0,48.0,1.4223,282179.0,Yes
UMissouri.tsp,LS,25.0,49.0,1.4616,236976.0,Yes
UMissouri.tsp,LS,25.0,50.0,1.4391,279378.0,Yes
UMissouri.tsp,LS,25.0,51.0,1.3709,270155.0,Yes
UMissouri.tsp,LS,50.0,42.0,1.4319,262449.0,Yes
UMissouri.tsp,LS,50.0,43.0,1.4088,247059.0,Yes
UMissouri.tsp,LS,50.0,44.0,1.56,290193.0,Yes
UMissouri.tsp,LS,50.0,45.0,1.5564,279310.0,Yes
UMissouri.tsp,LS,50.0,46.0,1.5389,265805.0,Yes
UMissouri.tsp,LS,50.0,47.0,1.6415,254998.0,Yes
UMissouri.tsp,LS,50.0,48.0,1.5404,282179.0,Yes
UMissouri.tsp,LS,50.0,49.0,1.4181,236976.0,Yes
UMissouri.tsp,LS,50.0,50.0,1.3893,279378.0,Yes
UMissouri.tsp,LS,50.0,51.0,1.4159,270155.0,Yes
UMissouri.tsp,LS,75.0,42.0,1.3786,262449.0,Yes
UMissouri.tsp,LS,75.0,43.0,1.438,247059.0,Yes
UMissouri.tsp,LS,75.0,44.0,1.6175,290193.0,Yes
UMissouri.tsp,LS,75.0,45.0,1.6414,279310.0,Yes
UMissouri.tsp,LS,75.0,46.0,1.5898,265805.0,Yes
UMissouri.tsp,LS,75.0,47.0,1.8506,254998.0,Yes
UMissouri.tsp,LS,75.0,48.0,1.5492,282179.0,Yes
UMissouri.tsp,LS,75.0,49.0,1.4429,236976.0,Yes
UMissouri.tsp,LS,75.0,50.0,1.4304,279378.0,Yes
UMissouri.tsp,LS,75.0,51.0,1.4119,270155.0,Yes
UMissouri.tsp,LS,100.0,42.0,1.4097,262449.0,Yes
UMissouri.tsp,LS,100.0,43.0,1.4278,247059.0,Yes
UMissouri.tsp,LS,100.0,44.0,1.4364,290193.0,Yes
UMissouri.tsp,LS,100.0,45.0,1.5347,279310.0,Yes
UMissouri.tsp,LS,100.0,46.0,1.5395,265805.0,Yes
UMissouri.tsp,LS,100.0,47.0,1.6871,254998.0,Yes
UMissouri.tsp,LS,100.0,48.0,1.8033,282179.0,Yes
UMissouri.tsp,LS,100.0,49.0,1.4339,236976.0,Yes
UMissouri.tsp,LS,100.0,50.0,1.4022,279378.0,Yes
UMissouri.tsp,LS,100.0,51.0,1.4242,270155.0,Yes
UMissouri.tsp,LS,250.0,42.0,1.5121,262449.0,Yes
UMissouri.tsp,LS,250.0,43.0,1.5873,247059.0,Yes
UMissouri.tsp,LS,250.0,44.0,1.4347,290193.0,Yes
UMissouri.tsp,LS,250.0,45.0,1.4131,279310.0,Yes
UMissouri.tsp,LS,250.0,46.0,1.4326,265805.0,Yes
UMissouri.tsp,LS,250.0,47.0,1.5442,254998.0,Yes
UMissouri.tsp,LS,250.0,48.0,1.7806,282179.0,Yes
UMissouri.tsp,LS,250.0,49.0,1.4247,236976.0,Yes
UMissouri.tsp,LS,250.0,50.0,1.4163,279378.0,Yes
UMissouri.tsp,LS,250.0,51.0,1.3832,270155.0,Yes
UMissouri.tsp,LS,500.0,42.0,1.4082,262449.0,Yes
UMissouri.tsp,LS,500.0,43.0,1.4059,247059.0,Yes
UMissouri.tsp,LS,500.0,44.0,1.423,290193.0,Yes
UMissouri.tsp,LS,500.0,45.0,1.4806,279310.0,Yes
UMissouri.tsp,LS,500.0,46.0,1.4503,265805.0,Yes
UMissouri.tsp,LS,500.0,47.0,1.4573,254998.0,Yes
UMissouri.tsp,LS,500.0,48.0,1.6492,282179.0,Yes
UMissouri.tsp,LS,500.0,49.0,1.7149,236976.0,Yes
UMissouri.tsp,LS,500.0,50.0,1.5631,279378.0,Yes
UMissouri.tsp,LS,500.0,51.0,1.5551,270155.0,Yes
Atlanta.tsp,LS,5.0,42.0,1.2617,2058468.0,Yes
Atlanta.tsp,LS,5.0,43.0,1.2653,2044281.0,Yes
Atlanta.tsp,LS,5.0,44.0,1.2549,2016322.0,Yes
Atlanta.tsp,LS,5.0,45.0,1.2245,2052219.0,Yes
Atlanta.tsp,LS,5.0,46.0,1.1682,2051736.0,Yes
Atlanta.tsp,LS,5.0,47.0,1.2732,2054590.0,Yes
Atlanta.tsp,LS,5.0,48.0,1.2241,2023779.0,Yes
Atlanta.tsp,LS,5.0,49.0,1.2327,2054590.0,Yes
Atlanta.tsp,LS,5.0,50.0,1.2044,2003763.0,Yes
Atlanta.tsp,LS,5.0,51.0,1.3401,2016322.0,Yes
Atlanta.tsp,LS,10.0,42.0,1.304,2058468.0,Yes
Atlanta.tsp,LS,10.0,43.0,1.2165,2044281.0,Yes
Atlanta.tsp,LS,10.0,44.0,1.2508,2016322.0,Yes
Atlanta.tsp,LS,10.0,45.0,1.2326,2052219.0,Yes
Atlanta.tsp,LS,10.0,46.0,1.3377,2051736.0,Yes
Atlanta.tsp,LS,10.0,47.0,1.2288,2054590.0,Yes
Atlanta.tsp,LS,10.0,48.0,1.2759,2023779.0,Yes
Atlanta.tsp,LS,10.0,49.0,1.2536,2054590.0,Yes
Atlanta.tsp,LS,10.0,50.0,1.2234,2003763.0,Yes
Atlanta.tsp,LS,10.0,51.0,1.2603,2016322.0,Yes
Atlanta.tsp,LS,15.0,42.0,1.2313,2058468.0,Yes
Atlanta.tsp,LS,15.0,43.0,1.3052,2044281.0,Yes
Atlanta.tsp,LS,15.0,44.0,1.3644,2016322.0,Yes
Atlanta.tsp,LS,15.0,45.0,1.2092,2052219.0,Yes
Atlanta.tsp,LS,15.0,46.0,1.2368,2051736.0,Yes
Atlanta.tsp,LS,15.0,47.0,1.221,2054590.0,Yes
Atlanta.tsp,LS,15.0,48.0,1.3158,2023779.0,Yes
Atlanta.tsp,LS,15.0,49.0,1.244,2054590.0,Yes
Atlanta.tsp,LS,15.0,50.0,1.244,2003763.0,Yes
Atlanta.tsp,LS,15.0,51.0,1.2199,2016322.0,Yes
Atlanta.tsp,LS,20.0,42.0,1.1689,2058468.0,Yes
Atlanta.tsp,LS,20.0,43.0,1.1957,2044281.0,Yes
Atlanta.tsp,LS,20.0,44.0,1.1651,2016322.0,Yes
Atlanta.tsp,LS,20.0,45.0,1.2296,2052219.0,Yes
Atlanta.tsp,LS,20.0,46.0,1.3351,2051736.0,Yes
Atlanta.tsp,LS,20.0,47.0,1.3105,2054590.0,Yes
Atlanta.tsp,LS,20.0,48.0,1.2337,2023779.0,Yes
Atlanta.tsp,LS,20.0,49.0,1.2453,2054590.0,Yes
Atlanta.tsp,LS,20.0,50.0,1.1943,2003763.0,Yes
Atlanta.tsp,LS,20.0,51.0,1.274,2016322.0,Yes
Atlanta.tsp,LS,25.0,42.0,1.2068,2058468.0,Yes
Atlanta.tsp,LS,25.0,43.0,1.2048,2044281.0,Yes
Atlanta.tsp,LS,25.0,44.0,1.1776,2016322.0,Yes
Atlanta.tsp,LS,25.0,45.0,1.2055,2052219.0,Yes
Atlanta.tsp,LS,25.0,46.0,1.219,2051736.0,Yes
Atlanta.tsp,LS,25.0,47.0,1.1905,2054590.0,Yes
Atlanta.tsp,LS,25.0,48.0,1.1887,2023779.0,Yes
Atlanta.tsp,LS,25.0,49.0,1.4394,2054590.0,Yes
Atlanta.tsp,LS,25.0,50.0,1.4685,2003763.0,Yes
Atlanta.tsp,LS,25.0,51.0,1.2016,2016322.0,Yes
Atlanta.tsp,LS,50.0,42.0,1.1883,2058468.0,Yes
Atlanta.tsp,LS,50.0,43.0,1.1713,2044281.0,Yes
Atlanta.tsp,LS,50.0,44.0,1.2061,2016322.0,Yes
Atlanta.tsp,LS,50.0,45.0,1.1872,2052219.0,Yes
Atlanta.tsp,LS,50.0,46.0,1.2112,2051736.0,Yes
Atlanta.tsp,LS,50.0,47.0,1.2004,2054590.0,Yes
Atlanta.tsp,LS,50.0,48.0,1.181,2023779.0,Yes
Atlanta.tsp,LS,50.0,49.0,1.3794,2054590.0,Yes
Atlanta.tsp,LS,50.0,50.0,1.186,2003763.0,Yes
Atlanta.tsp,LS,50.0,51.0,1.3769,2016322.0,Yes
Atlanta.tsp,LS,75.0,42.0,1.488,2058468.0,Yes
Atlanta.tsp,LS,75.0,43.0,1.3696,2044281.0,Yes
Atlanta.tsp,LS,75.0,44.0,1.2812,2016322.0,Yes
Atlanta.tsp,LS,75.0,45.0,1.2273,2052219.0,Yes
Atlanta.tsp,LS,75.0,46.0,1.2057,2051736.0,Yes
Atlanta.tsp,LS,75.0,47.0,1.1911,2054590.0,Yes
Atlanta.tsp,LS,75.0,48.0,1.2183,2023779.0,Yes
Atlanta.tsp,LS,75.0,49.0,1.213,2054590.0,Yes
Atlanta.tsp,LS,75.0,50.0,1.2706,2003763.0,Yes
Atlanta.tsp,LS,75.0,51.0,1.167,2016322.0,Yes
Atlanta.tsp,LS,100.0,42.0,1.2444,2058468.0,Yes
Atlanta.tsp,LS,100.0,43.0,1.4225,2044281.0,Yes
Atlanta.tsp,LS,100.0,44.0,1.4531,2016322.0,Yes
Atlanta.tsp,LS,100.0,45.0,1.2806,2052219.0,Yes
Atlanta.tsp,LS,100.0,46.0,1.2566,2051736.0,Yes
Atlanta.tsp,BF,5.0,,6.1689,4109868.0,No
Atlanta.tsp,BF,10.0,,11.1122,4109868.0,No
Atlanta.tsp,BF,15.0,,16.109,4090106.0,No
Atlanta.tsp,BF,20.0,,21.131,3945052.0,No
Atlanta.tsp,BF,25.0,,26.1114,3835321.0,No
Atlanta.tsp,BF,50.0,,51.107,3805207.0,No
Atlanta.tsp,BF,75.0,,76.1239,3775843.0,No
Atlanta.tsp,BF,100.0,,101.1288,3720833.0,No
Atlanta.tsp,BF,250.0,,251.1881,3630534.0,No
Atlanta.tsp,BF,500.0,,1041.822,3630534.0,No
Atlanta.tsp,Approx,,42.0,1.5673,2486842.0,Yes
Atlanta.tsp,Approx,,43.0,1.3691,2488307.0,Yes
Atlanta.tsp,Approx,,44.0,1.3534,2500425.0,Yes
Atlanta.tsp,Approx,,45.0,1.2128,2490014.0,Yes
Atlanta.tsp,Approx,,46.0,1.2094,2477233.0,Yes
Atlanta.tsp,Approx,,47.0,1.2007,2495163.0,Yes
Atlanta.tsp,Approx,,48.0,1.277,2453860.0,Yes
Atlanta.tsp,Approx,,49.0,1.3338,2477233.0,Yes
Atlanta.tsp,Approx,,50.0,1.1632,2486842.0,Yes
Atlanta.tsp,Approx,,51.0,1.1289,2312426.0,Yes
Atlanta.tsp,BF,5.0,,6.1103,4109868.0,No
Atlanta.tsp,BF,10.0,,11.1046,4109868.0,No
Atlanta.tsp,BF,15.0,,16.1083,4090106.0,No
Atlanta.tsp,BF,20.0,,21.1734,3945052.0,No
Atlanta.tsp,BF,25.0,,26.2049,3937993.0,No
Atlanta.tsp,BF,50.0,,51.2634,3816910.0,No
Atlanta.tsp,BF,75.0,,76.2386,3775843.0,No
Atlanta.tsp,BF,100.0,,101.2934,3775843.0,No
Atlanta.tsp,BF,250.0,,251.1731,3630534.0,No
Atlanta.tsp,BF,500.0,,501.1784,3630534.0,No
Atlanta.tsp,Approx,,42.0,1.1976,2486842.0,Yes
Atlanta.tsp,Approx,,43.0,1.1585,2488307.0,Yes
Atlanta.tsp,Approx,,44.0,1.1659,2500425.0,Yes
Atlanta.tsp,Approx,,45.0,1.1871,2490014.0,Yes
Atlanta.tsp,Approx,,46.0,1.1648,2477233.0,Yes
Atlanta.tsp,Approx,,47.0,1.1207,2495163.0,Yes
Atlanta.tsp,Approx,,48.0,1.2032,2453860.0,Yes
Atlanta.tsp,Approx,,49.0,1.3101,2477233.0,Yes
Atlanta.tsp,Approx,,50.0,1.2518,2486842.0,Yes
Atlanta.tsp,Approx,,51.0,1.1756,2312426.0,Yes
Berlin.tsp,BF,5.0,,6.1312,20181.0,No
Berlin.tsp,BF,10.0,,11.2822,20181.0,No
Berlin.tsp,BF,15.0,,16.2688,20033.0,No
Berlin.tsp,BF,20.0,,21.233,19824.0,No
Berlin.tsp,BF,25.0,,26.1891,19786.0,No
Berlin.tsp,BF,50.0,,51.1477,19728.0,No
Berlin.tsp,BF,75.0,,76.2851,19728.0,No
Berlin.tsp,BF,100.0,,101.4278,19728.0,No
Berlin.tsp,BF,250.0,,251.192,19438.0,No
Berlin.tsp,BF,500.0,,501.199,19249.0,No
Berlin.tsp,Approx,,42.0,1.2008,10126.0,Yes
Berlin.tsp,Approx,,43.0,1.184,9976.0,Yes
Berlin.tsp,Approx,,44.0,1.3253,9931.0,Yes
Berlin.tsp,Approx,,45.0,1.3857,10267.0,Yes
Berlin.tsp,Approx,,46.0,1.1541,10194.0,Yes
Berlin.tsp,Approx,,47.0,1.1503,9588.0,Yes
Berlin.tsp,Approx,,48.0,1.229,10154.0,Yes
Berlin.tsp,Approx,,49.0,1.1664,10194.0,Yes
Berlin.tsp,Approx,,50.0,1.2288,10108.0,Yes
Berlin.tsp,Approx,,51.0,1.1383,9867.0,Yes
Boston.tsp,BF,5.0,,6.1759,2261063.0,No
Boston.tsp,BF,10.0,,11.1624,2246134.0,No
Boston.tsp,BF,15.0,,16.1325,2246134.0,No
Boston.tsp,BF,20.0,,21.1633,2246134.0,No
Boston.tsp,BF,25.0,,26.1447,2246134.0,No
Boston.tsp,BF,50.0,,51.1551,2246134.0,No
Boston.tsp,BF,75.0,,76.1458,2244804.0,No
Boston.tsp,BF,100.0,,101.1457,2234116.0,No
Boston.tsp,BF,250.0,,251.1502,2227323.0,No
Boston.tsp,BF,500.0,,501.1924,2226767.0,No
Boston.tsp,Approx,,42.0,1.4032,1061299.0,Yes
Boston.tsp,Approx,,43.0,1.1591,1050695.0,Yes
Boston.tsp,Approx,,44.0,1.1352,1045369.0,Yes
Boston.tsp,Approx,,45.0,1.1434,1043190.0,Yes
Boston.tsp,Approx,,46.0,1.1948,1085113.0,Yes
Boston.tsp,Approx,,47.0,1.141,1125707.0,Yes
Boston.tsp,Approx,,48.0,1.1794,1129373.0,Yes
Boston.tsp,Approx,,49.0,1.1537,1085113.0,Yes
Boston.tsp,Approx,,50.0,1.1834,1085544.0,Yes
Boston.tsp,Approx,,51.0,1.413,1027795.0,Yes
Champaign.tsp,BF,5.0,,6.2223,219301.0,No
Champaign.tsp,BF,10.0,,11.1568,219252.0,No
Champaign.tsp,BF,15.0,,16.1424,219252.0,No
Champaign.tsp,BF,20.0,,21.1324,219252.0,No
Champaign.tsp,BF,25.0,,26.0956,219166.0,No
Champaign.tsp,BF,50.0,,51.1724,218823.0,No
Champaign.tsp,BF,75.0,,76.2189,218823.0,No
Champaign.tsp,BF,100.0,,101.3265,218074.0,No
Champaign.tsp,BF,250.0,,251.1852,216391.0,No
Champaign.tsp,BF,500.0,,501.1415,212857.0,No
Champaign.tsp,Approx,,42.0,1.2845,65587.0,Yes
Champaign.tsp,Approx,,43.0,1.2065,68357.0,Yes
Champaign.tsp,Approx,,44.0,1.1993,67546.0,Yes
Champaign.tsp,Approx,,45.0,1.2494,66093.0,Yes
Champaign.tsp,Approx,,46.0,1.4678,67315.0,Yes
Champaign.tsp,Approx,,47.0,1.3028,66516.0,Yes
Champaign.tsp,Approx,,48.0,1.1749,67978.0,Yes
Champaign.tsp,Approx,,49.0,1.1792,67315.0,Yes
Champaign.tsp,Approx,,50.0,1.1889,64759.0,Yes
Champaign.tsp,Approx,,51.0,1.1704,67222.0,Yes
Cincinnati.tsp,BF,5.0,,6.1735,277952.0,No
Cincinnati.tsp,BF,10.0,,11.2474,277952.0,No
Cincinnati.tsp,BF,15.0,,16.1908,277952.0,No
Cincinnati.tsp,BF,20.0,,21.1947,277952.0,No
Cincinnati.tsp,BF,25.0,,26.1272,277952.0,No
Cincinnati.tsp,BF,50.0,,37.786,277952.0,No
Cincinnati.tsp,BF,75.0,,36.5009,277952.0,No
Cincinnati.tsp,BF,100.0,,30.6111,277952.0,No
Cincinnati.tsp,BF,250.0,,34.2042,277952.0,No
Cincinnati.tsp,BF,500.0,,33.6929,277952.0,No
Cincinnati.tsp,Approx,,42.0,1.1235,320593.0,Yes
Cincinnati.tsp,Approx,,43.0,1.0919,318227.0,Yes
Cincinnati.tsp,Approx,,44.0,1.1085,307439.0,Yes
Cincinnati.tsp,Approx,,45.0,1.1124,307439.0,Yes
Cincinnati.tsp,Approx,,46.0,1.1102,320593.0,Yes
Cincinnati.tsp,Approx,,47.0,1.1513,309289.0,Yes
Cincinnati.tsp,Approx,,48.0,1.15,317273.0,Yes
Cincinnati.tsp,Approx,,49.0,1.1221,320593.0,Yes
Cincinnati.tsp,Approx,,50.0,1.13,308670.0,Yes
Cincinnati.tsp,Approx,,51.0,1.141,309289.0,Yes
Denver.tsp,BF,5.0,,6.236,564669.0,No
Denver.tsp,BF,10.0,,11.4867,564669.0,No
Denver.tsp,BF,15.0,,16.2382,564669.0,No
Denver.tsp,BF,20.0,,21.168,563620.0,No
Denver.tsp,BF,25.0,,26.2171,563620.0,No
Denver.tsp,BF,50.0,,51.1275,563620.0,No
Denver.tsp,BF,75.0,,76.179,563620.0,No
Denver.tsp,BF,100.0,,101.1993,563620.0,No
Denver.tsp,BF,250.0,,251.2405,562055.0,No
Denver.tsp,BF,500.0,,501.1582,546925.0,No
Denver.tsp,Approx,,42.0,1.523,128256.0,Yes
Denver.tsp,Approx,,43.0,1.3651,127937.0,Yes
Denver.tsp,Approx,,44.0,1.402,127123.0,Yes
Denver.tsp,Approx,,45.0,1.2675,128336.0,Yes
Denver.tsp,Approx,,46.0,1.1694,129206.0,Yes
Denver.tsp,Approx,,47.0,1.2586,129598.0,Yes
Denver.tsp,Approx,,48.0,1.3463,129643.0,Yes
Denver.tsp,Approx,,49.0,1.3275,128223.0,Yes
Denver.tsp,Approx,,50.0,1.179,130778.0,Yes
Denver.tsp,Approx,,51.0,1.2176,128073.0,Yes
NYC.tsp,BF,5.0,,6.1766,7244933.0,No
NYC.tsp,BF,10.0,,11.229,7244933.0,No
NYC.tsp,BF,15.0,,16.2181,7244933.0,No
NYC.tsp,BF,20.0,,21.2063,7244933.0,No
NYC.tsp,BF,25.0,,26.1967,7244933.0,No
NYC.tsp,BF,50.0,,51.2323,7244933.0,No
NYC.tsp,BF,75.0,,76.2043,7244933.0,No
NYC.tsp,BF,100.0,,101.2162,7239945.0,No
NYC.tsp,BF,250.0,,251.1836,7218153.0,No
NYC.tsp,BF,500.0,,510.3183,7210976.0,No
NYC.tsp,Approx,,42.0,1.1626,1891838.0,Yes
NYC.tsp,Approx,,43.0,1.1614,1937161.0,Yes
NYC.tsp,Approx,,44.0,1.1507,1845662.0,Yes
NYC.tsp,Approx,,45.0,1.2275,1845662.0,Yes
NYC.tsp,Approx,,46.0,1.144,1855713.0,Yes
NYC.tsp,Approx,,47.0,1.1879,1948652.0,Yes
NYC.tsp,Approx,,48.0,1.1584,1948810.0,Yes
NYC.tsp,Approx,,49.0,1.1769,1896513.0,Yes
NYC.tsp,Approx,,50.0,1.165,1959210.0,Yes
NYC.tsp,Approx,,51.0,1.2912,1937026.0,Yes
Philadelphia.tsp,BF,5.0,,6.5319,3765538.0,No
Philadelphia.tsp,BF,10.0,,11.2581,3765538.0,No
Philadelphia.tsp,BF,15.0,,16.233,3724219.0,No
Philadelphia.tsp,BF,20.0,,21.1768,3710782.0,No
Philadelphia.tsp,BF,25.0,,26.2778,3710782.0,No
Philadelphia.tsp,BF,50.0,,51.1788,3710782.0,No
Philadelphia.tsp,BF,75.0,,76.1859,3710782.0,No
Philadelphia.tsp,BF,100.0,,101.2759,3710782.0,No
Philadelphia.tsp,BF,250.0,,251.2762,3624919.0,No
Philadelphia.tsp,BF,500.0,,501.4903,3624919.0,No
Philadelphia.tsp,Approx,,42.0,1.1039,1733719.0,Yes
Philadelphia.tsp,Approx,,43.0,1.124,1728475.0,Yes
Philadelphia.tsp,Approx,,44.0,1.0924,1697277.0,Yes
Philadelphia.tsp,Approx,,45.0,1.0985,1722191.0,Yes
Philadelphia.tsp,Approx,,46.0,1.1503,1723248.0,Yes
Philadelphia.tsp,Approx,,47.0,1.1167,1668712.0,Yes
Philadelphia.tsp,Approx,,48.0,1.2082,1715300.0,Yes
Philadelphia.tsp,Approx,,49.0,1.441,1693572.0,Yes
Philadelphia.tsp,Approx,,50.0,1.2284,1685283.0,Yes
Philadelphia.tsp,Approx,,51.0,1.2451,1695100.0,Yes
Roanoke.tsp,BF,5.0,,6.1097,6861679.0,No
Roanoke.tsp,BF,10.0,,11.1888,6861679.0,No
Roanoke.tsp,BF,15.0,,16.2429,6861679.0,No
Roanoke.tsp,BF,20.0,,21.1865,6861679.0,No
Roanoke.tsp,BF,25.0,,26.2609,6861679.0,No
Roanoke.tsp,BF,50.0,,51.2624,6861290.0,No
Roanoke.tsp,BF,75.0,,76.2149,6857992.0,No
Roanoke.tsp,BF,100.0,,101.1473,6857992.0,No
Roanoke.tsp,BF,250.0,,251.2244,6849948.0,No
Roanoke.tsp,BF,500.0,,501.2613,6849948.0,No
Roanoke.tsp,Approx,,42.0,1.3229,802562.0,Yes
Roanoke.tsp,Approx,,43.0,1.2979,802080.0,Yes
Roanoke.tsp,Approx,,44.0,1.2703,794281.0,Yes
Roanoke.tsp,Approx,,45.0,1.2865,801675.0,Yes
Roanoke.tsp,Approx,,46.0,1.3365,803892.0,Yes
Roanoke.tsp,Approx,,47.0,1.3489,806892.0,Yes
Roanoke.tsp,Approx,,48.0,1.4005,795380.0,Yes
Roanoke.tsp,Approx,,49.0,1.3983,795431.0,Yes
Roanoke.tsp,Approx,,50.0,1.2412,795468.0,Yes
Roanoke.tsp,Approx,,51.0,1.5159,795524.0,Yes
SanFrancisco.tsp,BF,5.0,,6.1926,5712903.0,No
SanFrancisco.tsp,BF,10.0,,11.2172,5697031.0,No
SanFrancisco.tsp,BF,15.0,,16.3426,5697031.0,No
SanFrancisco.tsp,BF,20.0,,21.223,5683031.0,No
SanFrancisco.tsp,BF,25.0,,26.2476,5683031.0,No
SanFrancisco.tsp,BF,50.0,,51.2793,5604793.0,No
SanFrancisco.tsp,BF,75.0,,76.1783,5604793.0,No
SanFrancisco.tsp,BF,100.0,,101.1797,5604793.0,No
SanFrancisco.tsp,BF,250.0,,251.2991,5600573.0,No
SanFrancisco.tsp,BF,500.0,,501.161,5600573.0,No
SanFrancisco.tsp,Approx,,42.0,1.221,1078204.0,Yes
SanFrancisco.tsp,Approx,,43.0,1.2468,1045326.0,Yes
SanFrancisco.tsp,Approx,,44.0,1.2253,1076544.0,Yes
SanFrancisco.tsp,Approx,,45.0,1.1423,1069058.0,Yes
SanFrancisco.tsp,Approx,,46.0,1.4553,1078212.0,Yes
SanFrancisco.tsp,Approx,,47.0,1.2883,1068233.0,Yes
SanFrancisco.tsp,Approx,,48.0,1.239,1068021.0,Yes
SanFrancisco.tsp,Approx,,49.0,1.2275,1090167.0,Yes
SanFrancisco.tsp,Approx,,50.0,1.1216,1045326.0,Yes
SanFrancisco.tsp,Approx,,51.0,1.1429,1093751.0,Yes
Toronto.tsp,BF,5.0,,6.2407,9223694.0,No
Toronto.tsp,BF,10.0,,11.1886,9223694.0,No
Toronto.tsp,BF,15.0,,16.1671,9219828.0,No
Toronto.tsp,BF,20.0,,21.1808,9219492.0,No
Toronto.tsp,BF,25.0,,26.1429,9219353.0,No
Toronto.tsp,BF,50.0,,51.1661,9219353.0,No
Toronto.tsp,BF,75.0,,76.1886,9219353.0,No
Toronto.tsp,BF,100.0,,101.2015,9219353.0,No
Toronto.tsp,BF,250.0,,251.2159,9192020.0,No
Toronto.tsp,BF,500.0,,501.2846,9179267.0,No
Toronto.tsp,Approx,,42.0,1.4141,1652074.0,Yes
Toronto.tsp,Approx,,43.0,1.5824,1651938.0,Yes
Toronto.tsp,Approx,,44.0,1.6193,1651069.0,Yes
Toronto.tsp,Approx,,45.0,1.5124,1650915.0,Yes
Toronto.tsp,Approx,,46.0,1.4634,1607855.0,Yes
Toronto.tsp,Approx,,47.0,1.4225,1623952.0,Yes
Toronto.tsp,Approx,,48.0,1.5781,1676544.0,Yes
Toronto.tsp,Approx,,49.0,1.531,1597242.0,Yes
Toronto.tsp,Approx,,50.0,1.2923,1628988.0,Yes
Toronto.tsp,Approx,,51.0,1.1856,1662499.0,Yes
UKansasState.tsp,BF,5.0,,6.1958,62962.0,No
UKansasState.tsp,BF,10.0,,11.2369,62962.0,No
UKansasState.tsp,BF,15.0,,16.1716,62962.0,No
UKansasState.tsp,BF,20.0,,21.1947,62962.0,No
UKansasState.tsp,BF,25.0,,26.1996,62962.0,No
UKansasState.tsp,BF,50.0,,35.0758,62962.0,No
UKansasState.tsp,BF,75.0,,36.816,62962.0,No
UKansasState.tsp,BF,100.0,,35.8189,62962.0,No
UKansasState.tsp,BF,250.0,,34.5147,62962.0,No
UKansasState.tsp,BF,500.0,,36.2668,62962.0,No
UKansasState.tsp,Approx,,42.0,1.1284,70143.0,Yes
UKansasState.tsp,Approx,,43.0,1.1146,70318.0,Yes
UKansasState.tsp,Approx,,44.0,1.1116,69987.0,Yes
UKansasState.tsp,Approx,,45.0,1.1581,69987.0,Yes
UKansasState.tsp,Approx,,46.0,1.2552,70143.0,Yes
UKansasState.tsp,Approx,,47.0,1.1268,71542.0,Yes
UKansasState.tsp,Approx,,48.0,1.0975,67636.0,Yes
UKansasState.tsp,Approx,,49.0,1.1381,70143.0,Yes
UKansasState.tsp,Approx,,50.0,1.1314,70944.0,Yes
UKansasState.tsp,Approx,,51.0,1.1358,70318.0,Yes
UMissouri.tsp,BF,5.0,,6.1662,670811.0,No
UMissouri.tsp,BF,10.0,,11.2469,670811.0,No
UMissouri.tsp,BF,15.0,,16.1736,670811.0,No
UMissouri.tsp,BF,20.0,,21.2067,670811.0,No
UMissouri.tsp,BF,25.0,,26.2025,670811.0,No
UMissouri.tsp,BF,50.0,,51.2909,668983.0,No
UMissouri.tsp,BF,75.0,,76.3278,668983.0,No
UMissouri.tsp,BF,100.0,,101.2235,668983.0,No
UMissouri.tsp,BF,250.0,,251.206,662953.0,No
UMissouri.tsp,BF,500.0,,501.2072,662935.0,No
UMissouri.tsp,Approx,,42.0,7.9252,171306.0,Yes
UMissouri.tsp,Approx,,43.0,1.1941,165181.0,Yes
UMissouri.tsp,Approx,,44.0,1.1563,171054.0,Yes
UMissouri.tsp,Approx,,45.0,1.2959,170078.0,Yes
UMissouri.tsp,Approx,,46.0,1.1953,166855.0,Yes
UMissouri.tsp,Approx,,47.0,1.2429,169548.0,Yes
UMissouri.tsp,Approx,,48.0,1.2046,170112.0,Yes
UMissouri.tsp,Approx,,49.0,1.1238,171483.0,Yes
UMissouri.tsp,Approx,,50.0,1.1656,170432.0,Yes
UMissouri.tsp,Approx,,51.0,1.1496,170155.0,Yes
